x-axis,1,2
second,Volt,Volt
+19.5480000E-03,,
+19.5485000E-03,+8.0402009E-03,+7.0000002E-03
+19.5490000E-03,+8.0402009E-03,+15.0402011E-03
+19.5495000E-03,+8.0402009E-03,+22.0753769E-03
+19.5500000E-03,+8.0402009E-03,+19.5628142E-03
+19.5505000E-03,+7.0351758E-03,+15.0402011E-03
+19.5510000E-03,+0.0E+00,+23.0804021E-03
+19.5515000E-03,+0.0E+00,+30.1155779E-03
+19.5520000E-03,+0.0E+00,+26.0954774E-03
+19.5525000E-03,+0.0E+00,+31.1206030E-03
+19.5530000E-03,+0.0E+00,+31.1206030E-03
+19.5535000E-03,+0.0E+00,+31.1206030E-03
+19.5540000E-03,+3.0150753E-03,+31.1206030E-03
+19.5545000E-03,+8.0402009E-03,+31.1206030E-03
+19.5550000E-03,+12.5628139E-03,+23.0804021E-03
+19.5555000E-03,+24.1206028E-03,+7.0000002E-03
+19.5560000E-03,+16.0804018E-03,-4.0552760E-03
+19.5565000E-03,+8.0402009E-03,-1.0402007E-03
+19.5570000E-03,+8.0402009E-03,-1.0402007E-03
+19.5575000E-03,+8.0402009E-03,+14.0351760E-03
+19.5580000E-03,+8.0402009E-03,+15.0402011E-03
+19.5585000E-03,+8.5427135E-03,+31.1206030E-03
+19.5590000E-03,+12.5628139E-03,+31.1206030E-03
+19.5595000E-03,+8.0402009E-03,+23.0804021E-03
+19.5600000E-03,+0.0E+00,+27.6030151E-03
+19.5605000E-03,+15.0753767E-03,+30.1155779E-03
+19.5610000E-03,+12.5628139E-03,+31.1206030E-03
+19.5615000E-03,+8.0402009E-03,+31.1206030E-03
+19.5620000E-03,+11.0552763E-03,+23.0804021E-03
+19.5625000E-03,+16.0804018E-03,+23.0804021E-03
+19.5630000E-03,+16.0804018E-03,+15.0402011E-03
+19.5635000E-03,+16.0804018E-03,+15.0402011E-03
+19.5640000E-03,+16.0804018E-03,+15.0402011E-03
+19.5645000E-03,+8.5427135E-03,+15.0402011E-03
+19.5650000E-03,+16.0804018E-03,+23.0804021E-03
+19.5655000E-03,+24.1206028E-03,+23.0804021E-03
+19.5660000E-03,+16.0804018E-03,+15.0402011E-03
+19.5665000E-03,+15.0753767E-03,+15.0402011E-03
+19.5670000E-03,+8.0402009E-03,+11.5226132E-03
+19.5675000E-03,+0.0E+00,+15.5427137E-03
+19.5680000E-03,+0.0E+00,+31.1206030E-03
+19.5685000E-03,+7.0351758E-03,+31.1206030E-03
+19.5690000E-03,+8.0402009E-03,+31.1206030E-03
+19.5695000E-03,+16.0804018E-03,+31.1206030E-03
+19.5700000E-03,+24.1206028E-03,+23.0804021E-03
+19.5705000E-03,+16.0804018E-03,+23.0804021E-03
+19.5710000E-03,+16.0804018E-03,+19.5628142E-03
+19.5715000E-03,+16.0804018E-03,+23.0804021E-03
+19.5720000E-03,+16.0804018E-03,+23.0804021E-03
+19.5725000E-03,+16.5829144E-03,+23.0804021E-03
+19.5730000E-03,+32.1608037E-03,+19.5628142E-03
+19.5735000E-03,+40.2010046E-03,+7.0000002E-03
+19.5740000E-03,+28.6432158E-03,+2.4773872E-03
+19.5745000E-03,+24.1206028E-03,+15.0402011E-03
+19.5750000E-03,+32.1608037E-03,+15.0402011E-03
+19.5755000E-03,+24.6231153E-03,+7.5025128E-03
+19.5760000E-03,+24.1206028E-03,+11.5226132E-03
+19.5765000E-03,+24.1206028E-03,+7.0000002E-03
+19.5770000E-03,+16.0804018E-03,+7.0000002E-03
+19.5775000E-03,+16.0804018E-03,+15.0402011E-03
+19.5780000E-03,+16.0804018E-03,+15.0402011E-03
+19.5785000E-03,+16.0804018E-03,+31.1206030E-03
+19.5790000E-03,+16.0804018E-03,+39.1608039E-03
+19.5795000E-03,+24.1206028E-03,+31.1206030E-03
+19.5800000E-03,+24.1206028E-03,+31.1206030E-03
+19.5805000E-03,+16.0804018E-03,+30.1155779E-03
+19.5810000E-03,+20.6030149E-03,+26.0954774E-03
+19.5815000E-03,+24.1206028E-03,+23.0804021E-03
+19.5820000E-03,+16.0804018E-03,+23.0804021E-03
+19.5825000E-03,+8.5427135E-03,+23.0804021E-03
+19.5830000E-03,+11.0552763E-03,+23.0804021E-03
+19.5835000E-03,+16.0804018E-03,+23.0804021E-03
+19.5840000E-03,+16.0804018E-03,+23.0804021E-03
+19.5845000E-03,+8.0402009E-03,+15.5427137E-03
+19.5850000E-03,+12.5628139E-03,+23.0804021E-03
+19.5855000E-03,+16.0804018E-03,+23.0804021E-03
+19.5860000E-03,+12.5628139E-03,+18.0552765E-03
+19.5865000E-03,+8.0402009E-03,+15.0402011E-03
+19.5870000E-03,+4.5226130E-03,+23.0804021E-03
+19.5875000E-03,+8.5427135E-03,+30.1155779E-03
+19.5880000E-03,+16.0804018E-03,+23.0804021E-03
+19.5885000E-03,+16.0804018E-03,+23.5829146E-03
+19.5890000E-03,+16.0804018E-03,+23.0804021E-03
+19.5895000E-03,+16.0804018E-03,+23.0804021E-03
+19.5900000E-03,+20.6030149E-03,+18.0552765E-03
+19.5905000E-03,+23.1155776E-03,+22.0753769E-03
+19.5910000E-03,+19.0954772E-03,+18.0552765E-03
+19.5915000E-03,+16.0804018E-03,+15.5427137E-03
+19.5920000E-03,+16.0804018E-03,+23.0804021E-03
+19.5925000E-03,+16.0804018E-03,+23.0804021E-03
+19.5930000E-03,+16.0804018E-03,+26.0954774E-03
+19.5935000E-03,+32.1608037E-03,+30.1155779E-03
+19.5940000E-03,+40.2010046E-03,+23.0804021E-03
+19.5945000E-03,+40.2010046E-03,+15.0402011E-03
+19.5950000E-03,+40.2010046E-03,+7.0000002E-03
+19.5955000E-03,+32.1608037E-03,-1.0402007E-03
+19.5960000E-03,+24.1206028E-03,+3.9849249E-03
+19.5965000E-03,+16.0804018E-03,+15.5427137E-03
+19.5970000E-03,+20.6030149E-03,+23.0804021E-03
+19.5975000E-03,+23.1155776E-03,+30.1155779E-03
+19.5980000E-03,+16.0804018E-03,+27.6030151E-03
+19.5985000E-03,+16.0804018E-03,+23.0804021E-03
+19.5990000E-03,+16.0804018E-03,+23.0804021E-03
+19.5995000E-03,+23.1155776E-03,+15.5427137E-03
+19.6000000E-03,+24.1206028E-03,+7.0000002E-03
+19.6005000E-03,+16.0804018E-03,+7.0000002E-03
+19.6010000E-03,+16.0804018E-03,+7.0000002E-03
+19.6015000E-03,+15.0753767E-03,+15.0402011E-03
+19.6020000E-03,+8.0402009E-03,+23.0804021E-03
+19.6025000E-03,+8.0402009E-03,+23.0804021E-03
+19.6030000E-03,+8.0402009E-03,+26.0954774E-03
+19.6035000E-03,+8.5427135E-03,+31.1206030E-03
+19.6040000E-03,+16.0804018E-03,+26.0954774E-03
+19.6045000E-03,+24.6231153E-03,+22.0753769E-03
+19.6050000E-03,+32.1608037E-03,+10.0150756E-03
+19.6055000E-03,+32.1608037E-03,+14.0351760E-03
+19.6060000E-03,+32.1608037E-03,+15.0402011E-03
+19.6065000E-03,+32.1608037E-03,+15.0402011E-03
+19.6070000E-03,+28.6432158E-03,+11.5226132E-03
+19.6075000E-03,+16.0804018E-03,+6.4974877E-03
+19.6080000E-03,+3.0150753E-03,+7.0000002E-03
+19.6085000E-03,+8.0402009E-03,+15.5427137E-03
+19.6090000E-03,+16.0804018E-03,+31.1206030E-03
+19.6095000E-03,+16.5829144E-03,+31.1206030E-03
+19.6100000E-03,+20.6030149E-03,+23.0804021E-03
+19.6105000E-03,+16.0804018E-03,+30.1155779E-03
+19.6110000E-03,+28.6432158E-03,+19.5628142E-03
+19.6115000E-03,+16.5829144E-03,+7.0000002E-03
+19.6120000E-03,+24.1206028E-03,+7.0000002E-03
+19.6125000E-03,+16.0804018E-03,+6.4974877E-03
+19.6130000E-03,+11.0552763E-03,+7.0000002E-03
+19.6135000E-03,+16.0804018E-03,+15.0402011E-03
+19.6140000E-03,+16.0804018E-03,+19.5628142E-03
+19.6145000E-03,+16.0804018E-03,+15.0402011E-03
+19.6150000E-03,+8.0402009E-03,+15.0402011E-03
+19.6155000E-03,+502.5126E-06,+15.0402011E-03
+19.6160000E-03,+4.5226130E-03,+15.0402011E-03
+19.6165000E-03,+8.5427135E-03,+23.0804021E-03
+19.6170000E-03,+16.0804018E-03,+15.0402011E-03
+19.6175000E-03,+8.5427135E-03,+7.5025128E-03
+19.6180000E-03,+8.0402009E-03,+15.0402011E-03
+19.6185000E-03,+16.0804018E-03,+7.0000002E-03
+19.6190000E-03,+16.0804018E-03,-1.0402007E-03
+19.6195000E-03,+16.0804018E-03,-1.0402007E-03
+19.6200000E-03,+11.0552763E-03,+3.9849249E-03
+19.6205000E-03,+16.0804018E-03,+7.0000002E-03
+19.6210000E-03,+16.0804018E-03,+2.4773872E-03
+19.6215000E-03,+8.5427135E-03,-35.1756E-06
+19.6220000E-03,+8.0402009E-03,+3.9849249E-03
+19.6225000E-03,+7.0351758E-03,+7.0000002E-03
+19.6230000E-03,+3.0150753E-03,+10.0150756E-03
+19.6235000E-03,+8.0402009E-03,+15.0402011E-03
+19.6240000E-03,+12.5628139E-03,+7.0000002E-03
+19.6245000E-03,+8.5427135E-03,-9.0804016E-03
+19.6250000E-03,+0.0E+00,-9.0804016E-03
+19.6255000E-03,+0.0E+00,-1.0402007E-03
+19.6260000E-03,+0.0E+00,-1.0402007E-03
+19.6265000E-03,+0.0E+00,-1.0402007E-03
+19.6270000E-03,+0.0E+00,-1.0402007E-03
+19.6275000E-03,+502.5126E-06,+7.0000002E-03
+19.6280000E-03,+0.0E+00,+10.0150756E-03
+19.6285000E-03,+8.0402009E-03,+14.0351760E-03
+19.6290000E-03,+16.0804018E-03,+7.0000002E-03
+19.6295000E-03,+8.5427135E-03,+7.0000002E-03
+19.6300000E-03,+0.0E+00,+7.0000002E-03
+19.6305000E-03,+0.0E+00,+7.0000002E-03
+19.6310000E-03,+3.0150753E-03,+15.0402011E-03
+19.6315000E-03,+7.0351758E-03,+7.0000002E-03
+19.6320000E-03,+8.0402009E-03,+7.0000002E-03
+19.6325000E-03,+8.0402009E-03,+7.0000002E-03
+19.6330000E-03,+8.0402009E-03,+7.0000002E-03
+19.6335000E-03,+8.5427135E-03,+15.0402011E-03
+19.6340000E-03,+8.0402009E-03,+15.0402011E-03
+19.6345000E-03,+8.0402009E-03,+7.5025128E-03
+19.6350000E-03,+0.0E+00,+7.0000002E-03
+19.6355000E-03,+8.0402009E-03,+15.0402011E-03
+19.6360000E-03,+16.0804018E-03,+7.0000002E-03
+19.6365000E-03,+16.0804018E-03,-9.0804016E-03
+19.6370000E-03,+16.0804018E-03,-9.0804016E-03
+19.6375000E-03,+8.0402009E-03,-1.5427133E-03
+19.6380000E-03,+4.5226130E-03,-1.0402007E-03
+19.6385000E-03,+0.0E+00,-1.0402007E-03
+19.6390000E-03,+8.0402009E-03,-5.5628137E-03
+19.6395000E-03,+8.0402009E-03,-9.0804016E-03
+19.6400000E-03,+3.0150753E-03,-12.0954770E-03
+19.6405000E-03,-502.5126E-06,-9.0804016E-03
+19.6410000E-03,+0.0E+00,+3.9849249E-03
+19.6415000E-03,+8.0402009E-03,-1.0402007E-03
+19.6420000E-03,+12.5628139E-03,-9.0804016E-03
+19.6425000E-03,+8.0402009E-03,-17.1206025E-03
+19.6430000E-03,+0.0E+00,-9.0804016E-03
+19.6435000E-03,+7.0351758E-03,-1.0402007E-03
+19.6440000E-03,+8.0402009E-03,-1.0402007E-03
+19.6445000E-03,+7.0351758E-03,-1.0402007E-03
+19.6450000E-03,-4.5226130E-03,-1.0402007E-03
+19.6455000E-03,+0.0E+00,-1.0402007E-03
+19.6460000E-03,+8.0402009E-03,-1.0402007E-03
+19.6465000E-03,+8.0402009E-03,-17.1206025E-03
+19.6470000E-03,+0.0E+00,-13.6030146E-03
+19.6475000E-03,+0.0E+00,-9.0804016E-03
+19.6480000E-03,+0.0E+00,-1.0402007E-03
+19.6485000E-03,+0.0E+00,-9.0804016E-03
+19.6490000E-03,+3.0150753E-03,-9.0804016E-03
+19.6495000E-03,+8.0402009E-03,-1.0402007E-03
+19.6500000E-03,+4.5226130E-03,-1.0402007E-03
+19.6505000E-03,+8.0402009E-03,-1.0402007E-03
+19.6510000E-03,+8.0402009E-03,-9.0804016E-03
+19.6515000E-03,+8.0402009E-03,-9.0804016E-03
+19.6520000E-03,+16.0804018E-03,-17.1206025E-03
+19.6525000E-03,+0.0E+00,-25.6633160E-03
+19.6530000E-03,-4.5226130E-03,-28.1758788E-03
+19.6535000E-03,-8.0402009E-03,-33.2010044E-03
+19.6540000E-03,-16.0804018E-03,-28.1758788E-03
+19.6545000E-03,-24.1206028E-03,-25.1608035E-03
+19.6550000E-03,-24.1206028E-03,-25.1608035E-03
+19.6555000E-03,-32.1608037E-03,-25.1608035E-03
+19.6560000E-03,-28.6432158E-03,-17.1206025E-03
+19.6565000E-03,-24.1206028E-03,-17.1206025E-03
+19.6570000E-03,-16.0804018E-03,-5.5628137E-03
+19.6575000E-03,-8.0402009E-03,-9.5829142E-03
+19.6580000E-03,-3.0150753E-03,-13.6030146E-03
+19.6585000E-03,-7.0351758E-03,-17.6231151E-03
+19.6590000E-03,-8.0402009E-03,-25.1608035E-03
+19.6595000E-03,-16.0804018E-03,-17.1206025E-03
+19.6600000E-03,-16.0804018E-03,-9.0804016E-03
+19.6605000E-03,-502.5126E-06,-9.0804016E-03
+19.6610000E-03,+0.0E+00,-25.1608035E-03
+19.6615000E-03,+0.0E+00,-25.6633160E-03
+19.6620000E-03,+0.0E+00,-25.1608035E-03
+19.6625000E-03,-7.0351758E-03,-32.1959793E-03
+19.6630000E-03,-8.0402009E-03,-17.1206025E-03
+19.6635000E-03,-502.5126E-06,-17.1206025E-03
+19.6640000E-03,-16.0804018E-03,-25.1608035E-03
+19.6645000E-03,-16.0804018E-03,-17.1206025E-03
+19.6650000E-03,-24.1206028E-03,-13.6030146E-03
+19.6655000E-03,-15.0753767E-03,-8.0753765E-03
+19.6660000E-03,+0.0E+00,-9.0804016E-03
+19.6665000E-03,+0.0E+00,-16.1155774E-03
+19.6670000E-03,-16.0804018E-03,-21.6432156E-03
+19.6675000E-03,-16.0804018E-03,-17.1206025E-03
+19.6680000E-03,-16.0804018E-03,-21.6432156E-03
+19.6685000E-03,-8.0402009E-03,-25.1608035E-03
+19.6690000E-03,-8.0402009E-03,-21.6432156E-03
+19.6695000E-03,+502.5126E-06,-24.1557783E-03
+19.6700000E-03,+8.0402009E-03,-21.6432156E-03
+19.6705000E-03,+8.0402009E-03,-17.1206025E-03
+19.6710000E-03,+8.0402009E-03,-25.1608035E-03
+19.6715000E-03,+0.0E+00,-33.2010044E-03
+19.6720000E-03,-11.0552763E-03,-33.2010044E-03
+19.6725000E-03,-24.1206028E-03,-33.2010044E-03
+19.6730000E-03,-24.1206028E-03,-17.1206025E-03
+19.6735000E-03,-16.5829144E-03,-9.5829142E-03
+19.6740000E-03,-11.0552763E-03,-12.0954770E-03
+19.6745000E-03,+0.0E+00,-17.1206025E-03
+19.6750000E-03,+0.0E+00,-25.1608035E-03
+19.6755000E-03,-502.5126E-06,-33.2010044E-03
+19.6760000E-03,-4.5226130E-03,-33.2010044E-03
+19.6765000E-03,+0.0E+00,-33.2010044E-03
+19.6770000E-03,-4.5226130E-03,-37.7236174E-03
+19.6775000E-03,-8.0402009E-03,-25.1608035E-03
+19.6780000E-03,-8.0402009E-03,-25.1608035E-03
+19.6785000E-03,+0.0E+00,-25.1608035E-03
+19.6790000E-03,+0.0E+00,-33.2010044E-03
+19.6795000E-03,-8.0402009E-03,-41.2412053E-03
+19.6800000E-03,-8.0402009E-03,-41.2412053E-03
+19.6805000E-03,-16.0804018E-03,-33.7035169E-03
+19.6810000E-03,-24.1206028E-03,-33.2010044E-03
+19.6815000E-03,-24.1206028E-03,-40.2361802E-03
+19.6820000E-03,-16.0804018E-03,-33.2010044E-03
+19.6825000E-03,-24.1206028E-03,-32.1959793E-03
+19.6830000E-03,-16.0804018E-03,-21.6432156E-03
+19.6835000E-03,-16.0804018E-03,-25.1608035E-03
+19.6840000E-03,-16.0804018E-03,-33.2010044E-03
+19.6845000E-03,-23.1155776E-03,-41.2412053E-03
+19.6850000E-03,-32.1608037E-03,-49.2814062E-03
+19.6855000E-03,-31.1557786E-03,-49.2814062E-03
+19.6860000E-03,-24.1206028E-03,-44.2562806E-03
+19.6865000E-03,-32.1608037E-03,-40.2361802E-03
+19.6870000E-03,-24.1206028E-03,-29.6834165E-03
+19.6875000E-03,-16.0804018E-03,-25.1608035E-03
+19.6880000E-03,-11.0552763E-03,-25.1608035E-03
+19.6885000E-03,-15.0753767E-03,-33.2010044E-03
+19.6890000E-03,-12.5628139E-03,-37.7236174E-03
+19.6895000E-03,-8.5427135E-03,-49.2814062E-03
+19.6900000E-03,-16.0804018E-03,-57.3216071E-03
+19.6905000E-03,-24.1206028E-03,-49.7839188E-03
+19.6910000E-03,-24.1206028E-03,-49.2814062E-03
+19.6915000E-03,-31.1557786E-03,-49.2814062E-03
+19.6920000E-03,-32.1608037E-03,-41.2412053E-03
+19.6925000E-03,-24.1206028E-03,-33.2010044E-03
+19.6930000E-03,-24.1206028E-03,-41.2412053E-03
+19.6935000E-03,-32.1608037E-03,-49.2814062E-03
+19.6940000E-03,-28.6432158E-03,-41.2412053E-03
+19.6945000E-03,-31.1557786E-03,-49.2814062E-03
+19.6950000E-03,-24.1206028E-03,-41.2412053E-03
+19.6955000E-03,-24.1206028E-03,-33.7035169E-03
+19.6960000E-03,-16.0804018E-03,-33.2010044E-03
+19.6965000E-03,-7.0351758E-03,-41.2412053E-03
+19.6970000E-03,-16.0804018E-03,-57.3216071E-03
+19.6975000E-03,-24.1206028E-03,-57.3216071E-03
+19.6980000E-03,-32.1608037E-03,-53.8040192E-03
+19.6985000E-03,-32.1608037E-03,-49.2814062E-03
+19.6990000E-03,-32.1608037E-03,-52.2964816E-03
+19.6995000E-03,-40.7035172E-03,-57.3216071E-03
+19.7000000E-03,-48.2412055E-03,-57.3216071E-03
+19.7005000E-03,-40.2010046E-03,-49.2814062E-03
+19.7010000E-03,-40.2010046E-03,-41.2412053E-03
+19.7015000E-03,-32.1608037E-03,-49.2814062E-03
+19.7020000E-03,-36.6834167E-03,-53.8040192E-03
+19.7025000E-03,-40.2010046E-03,-41.2412053E-03
+19.7030000E-03,-32.1608037E-03,-45.7638183E-03
+19.7035000E-03,-31.1557786E-03,-48.2763811E-03
+19.7040000E-03,-32.1608037E-03,-49.2814062E-03
+19.7045000E-03,-24.6231153E-03,-49.2814062E-03
+19.7050000E-03,-32.1608037E-03,-49.2814062E-03
+19.7055000E-03,-32.1608037E-03,-49.2814062E-03
+19.7060000E-03,-32.1608037E-03,-52.2964816E-03
+19.7065000E-03,-32.1608037E-03,-64.3567829E-03
+19.7070000E-03,-32.1608037E-03,-57.3216071E-03
+19.7075000E-03,-40.2010046E-03,-57.3216071E-03
+19.7080000E-03,-40.2010046E-03,-49.2814062E-03
+19.7085000E-03,-47.2361804E-03,-49.2814062E-03
+19.7090000E-03,-40.2010046E-03,-41.2412053E-03
+19.7095000E-03,-32.1608037E-03,-40.2361802E-03
+19.7100000E-03,-24.1206028E-03,-49.2814062E-03
+19.7105000E-03,-32.1608037E-03,-57.3216071E-03
+19.7110000E-03,-35.1758790E-03,-65.3618081E-03
+19.7115000E-03,-48.2412055E-03,-64.3567829E-03
+19.7120000E-03,-48.2412055E-03,-57.3216071E-03
+19.7125000E-03,-40.2010046E-03,-65.3618081E-03
+19.7130000E-03,-40.2010046E-03,-57.3216071E-03
+19.7135000E-03,-32.1608037E-03,-57.3216071E-03
+19.7140000E-03,-32.1608037E-03,-57.3216071E-03
+19.7145000E-03,-32.1608037E-03,-57.3216071E-03
+19.7150000E-03,-35.1758790E-03,-57.3216071E-03
+19.7155000E-03,-39.1959795E-03,-57.3216071E-03
+19.7160000E-03,-36.6834167E-03,-52.2964816E-03
+19.7165000E-03,-40.2010046E-03,-57.3216071E-03
+19.7170000E-03,-48.2412055E-03,-57.3216071E-03
+19.7175000E-03,-40.7035172E-03,-49.7839188E-03
+19.7180000E-03,-32.1608037E-03,-57.3216071E-03
+19.7185000E-03,-40.2010046E-03,-65.3618081E-03
+19.7190000E-03,-48.2412055E-03,-65.3618081E-03
+19.7195000E-03,-48.2412055E-03,-65.3618081E-03
+19.7200000E-03,-35.1758790E-03,-73.4020090E-03
+19.7205000E-03,-40.7035172E-03,-88.4773857E-03
+19.7210000E-03,-48.2412055E-03,-77.9246220E-03
+19.7215000E-03,-48.2412055E-03,-73.4020090E-03
+19.7220000E-03,-48.2412055E-03,-68.3768834E-03
+19.7225000E-03,-40.2010046E-03,-57.8241197E-03
+19.7230000E-03,-40.2010046E-03,-73.4020090E-03
+19.7235000E-03,-55.2763813E-03,-65.3618081E-03
+19.7240000E-03,-48.2412055E-03,-60.3366825E-03
+19.7245000E-03,-47.2361804E-03,-57.8241197E-03
+19.7250000E-03,-40.2010046E-03,-57.3216071E-03
+19.7255000E-03,-32.6633162E-03,-49.7839188E-03
+19.7260000E-03,-32.1608037E-03,-57.3216071E-03
+19.7265000E-03,-24.1206028E-03,-65.3618081E-03
+19.7270000E-03,-24.1206028E-03,-76.4170843E-03
+19.7275000E-03,-32.1608037E-03,-73.9045215E-03
+19.7280000E-03,-36.6834167E-03,-73.4020090E-03
+19.7285000E-03,-48.2412055E-03,-73.4020090E-03
+19.7290000E-03,-56.2814064E-03,-65.3618081E-03
+19.7295000E-03,-48.7437181E-03,-64.3567829E-03
+19.7300000E-03,-52.7638185E-03,-65.3618081E-03
+19.7305000E-03,-56.2814064E-03,-65.8643206E-03
+19.7310000E-03,-59.2964818E-03,-65.3618081E-03
+19.7315000E-03,-63.3165822E-03,-57.3216071E-03
+19.7320000E-03,-43.2160799E-03,-57.3216071E-03
+19.7325000E-03,-40.2010046E-03,-57.8241197E-03
+19.7330000E-03,-40.2010046E-03,-65.3618081E-03
+19.7335000E-03,-40.2010046E-03,-65.3618081E-03
+19.7340000E-03,-40.2010046E-03,-65.3618081E-03
+19.7345000E-03,-48.2412055E-03,-65.3618081E-03
+19.7350000E-03,-40.2010046E-03,-61.8442202E-03
+19.7355000E-03,-47.2361804E-03,-65.3618081E-03
+19.7360000E-03,-56.2814064E-03,-73.4020090E-03
+19.7365000E-03,-56.2814064E-03,-73.4020090E-03
+19.7370000E-03,-59.2964818E-03,-73.4020090E-03
+19.7375000E-03,-63.3165822E-03,-65.3618081E-03
+19.7380000E-03,-56.2814064E-03,-65.3618081E-03
+19.7385000E-03,-48.2412055E-03,-65.3618081E-03
+19.7390000E-03,-43.2160799E-03,-68.3768834E-03
+19.7395000E-03,-48.2412055E-03,-65.3618081E-03
+19.7400000E-03,-52.7638185E-03,-65.3618081E-03
+19.7405000E-03,-40.7035172E-03,-73.4020090E-03
+19.7410000E-03,-44.7236176E-03,-73.4020090E-03
+19.7415000E-03,-55.2763813E-03,-73.9045215E-03
+19.7420000E-03,-56.2814064E-03,-76.4170843E-03
+19.7425000E-03,-56.7839190E-03,-73.4020090E-03
+19.7430000E-03,-52.7638185E-03,-65.3618081E-03
+19.7435000E-03,-48.2412055E-03,-73.4020090E-03
+19.7440000E-03,-52.7638185E-03,-77.9246220E-03
+19.7445000E-03,-64.3216074E-03,-80.4371848E-03
+19.7450000E-03,-64.3216074E-03,-76.4170843E-03
+19.7455000E-03,-64.3216074E-03,-73.4020090E-03
+19.7460000E-03,-44.7236176E-03,-73.4020090E-03
+19.7465000E-03,-40.2010046E-03,-65.3618081E-03
+19.7470000E-03,-32.1608037E-03,-65.3618081E-03
+19.7475000E-03,-32.1608037E-03,-65.3618081E-03
+19.7480000E-03,-40.2010046E-03,-60.3366825E-03
+19.7485000E-03,-40.2010046E-03,-64.3567829E-03
+19.7490000E-03,-36.6834167E-03,-60.3366825E-03
+19.7495000E-03,-39.1959795E-03,-65.8643206E-03
+19.7500000E-03,-40.2010046E-03,-73.4020090E-03
+19.7505000E-03,-40.2010046E-03,-73.4020090E-03
+19.7510000E-03,-48.2412055E-03,-60.3366825E-03
+19.7515000E-03,-48.2412055E-03,-65.3618081E-03
+19.7520000E-03,-51.2562809E-03,-65.3618081E-03
+19.7525000E-03,-56.2814064E-03,-64.3567829E-03
+19.7530000E-03,-51.2562809E-03,-61.8442202E-03
+19.7535000E-03,-56.2814064E-03,-65.3618081E-03
+19.7540000E-03,-56.2814064E-03,-65.3618081E-03
+19.7545000E-03,-56.2814064E-03,-57.3216071E-03
+19.7550000E-03,-40.2010046E-03,-65.3618081E-03
+19.7555000E-03,-40.2010046E-03,-80.4371848E-03
+19.7560000E-03,-48.2412055E-03,-81.4422099E-03
+19.7565000E-03,-55.2763813E-03,-65.3618081E-03
+19.7570000E-03,-48.2412055E-03,-65.3618081E-03
+19.7575000E-03,-48.2412055E-03,-57.8241197E-03
+19.7580000E-03,-44.7236176E-03,-57.3216071E-03
+19.7585000E-03,-40.2010046E-03,-57.3216071E-03
+19.7590000E-03,-32.1608037E-03,-49.2814062E-03
+19.7595000E-03,-24.6231153E-03,-65.3618081E-03
+19.7600000E-03,-36.6834167E-03,-73.4020090E-03
+19.7605000E-03,-47.2361804E-03,-73.4020090E-03
+19.7610000E-03,-56.2814064E-03,-73.4020090E-03
+19.7615000E-03,-56.2814064E-03,-65.3618081E-03
+19.7620000E-03,-48.2412055E-03,-61.8442202E-03
+19.7625000E-03,-40.7035172E-03,-65.3618081E-03
+19.7630000E-03,-48.2412055E-03,-52.2964816E-03
+19.7635000E-03,-40.2010046E-03,-49.2814062E-03
+19.7640000E-03,-35.1758790E-03,-57.3216071E-03
+19.7645000E-03,-40.2010046E-03,-57.8241197E-03
+19.7650000E-03,-48.2412055E-03,-57.3216071E-03
+19.7655000E-03,-47.2361804E-03,-57.3216071E-03
+19.7660000E-03,-43.2160799E-03,-57.3216071E-03
+19.7665000E-03,-32.6633162E-03,-64.3567829E-03
+19.7670000E-03,-40.2010046E-03,-68.3768834E-03
+19.7675000E-03,-40.2010046E-03,-72.3969839E-03
+19.7680000E-03,-48.2412055E-03,-69.8844211E-03
+19.7685000E-03,-32.1608037E-03,-65.8643206E-03
+19.7690000E-03,-40.2010046E-03,-73.4020090E-03
+19.7695000E-03,-48.2412055E-03,-65.3618081E-03
+19.7700000E-03,-56.2814064E-03,-49.2814062E-03
+19.7705000E-03,-48.2412055E-03,-41.2412053E-03
+19.7710000E-03,-40.2010046E-03,-45.7638183E-03
+19.7715000E-03,-24.6231153E-03,-57.3216071E-03
+19.7720000E-03,-27.1356781E-03,-65.3618081E-03
+19.7725000E-03,-40.2010046E-03,-65.3618081E-03
+19.7730000E-03,-48.2412055E-03,-73.4020090E-03
+19.7735000E-03,-48.2412055E-03,-65.3618081E-03
+19.7740000E-03,-48.2412055E-03,-73.4020090E-03
+19.7745000E-03,-48.2412055E-03,-65.3618081E-03
+19.7750000E-03,-40.2010046E-03,-57.3216071E-03
+19.7755000E-03,-40.2010046E-03,-65.3618081E-03
+19.7760000E-03,-51.2562809E-03,-65.3618081E-03
+19.7765000E-03,-48.7437181E-03,-57.3216071E-03
+19.7770000E-03,-56.2814064E-03,-49.2814062E-03
+19.7775000E-03,-56.2814064E-03,-41.2412053E-03
+19.7780000E-03,-44.7236176E-03,-33.2010044E-03
+19.7785000E-03,-40.7035172E-03,-48.2763811E-03
+19.7790000E-03,-48.2412055E-03,-49.2814062E-03
+19.7795000E-03,-48.2412055E-03,-33.7035169E-03
+19.7800000E-03,-43.2160799E-03,-37.7236174E-03
+19.7805000E-03,-40.2010046E-03,-33.7035169E-03
+19.7810000E-03,-40.2010046E-03,-33.2010044E-03
+19.7815000E-03,-32.1608037E-03,-41.2412053E-03
+19.7820000E-03,-32.1608037E-03,-49.2814062E-03
+19.7825000E-03,-40.2010046E-03,-49.2814062E-03
+19.7830000E-03,-40.2010046E-03,-41.2412053E-03
+19.7835000E-03,-32.1608037E-03,-48.2763811E-03
+19.7840000E-03,-36.6834167E-03,-41.2412053E-03
+19.7845000E-03,-40.7035172E-03,-33.2010044E-03
+19.7850000E-03,-32.1608037E-03,-41.2412053E-03
+19.7855000E-03,-32.1608037E-03,-33.2010044E-03
+19.7860000E-03,-28.6432158E-03,-41.2412053E-03
+19.7865000E-03,-24.1206028E-03,-41.2412053E-03
+19.7870000E-03,-16.0804018E-03,-49.2814062E-03
+19.7875000E-03,-24.1206028E-03,-49.7839188E-03
+19.7880000E-03,-32.1608037E-03,-44.2562806E-03
+19.7885000E-03,-32.1608037E-03,-41.2412053E-03
+19.7890000E-03,-40.2010046E-03,-41.2412053E-03
+19.7895000E-03,-39.1959795E-03,-33.2010044E-03
+19.7900000E-03,-27.1356781E-03,-33.2010044E-03
+19.7905000E-03,-24.1206028E-03,-41.2412053E-03
+19.7910000E-03,-32.1608037E-03,-41.2412053E-03
+19.7915000E-03,-40.2010046E-03,-33.2010044E-03
+19.7920000E-03,-35.1758790E-03,-25.1608035E-03
+19.7925000E-03,-24.1206028E-03,-40.2361802E-03
+19.7930000E-03,-28.6432158E-03,-45.7638183E-03
+19.7935000E-03,-31.1557786E-03,-49.2814062E-03
+19.7940000E-03,-35.1758790E-03,-49.2814062E-03
+19.7945000E-03,-40.2010046E-03,-33.2010044E-03
+19.7950000E-03,-32.1608037E-03,-20.1356779E-03
+19.7955000E-03,-24.1206028E-03,-25.1608035E-03
+19.7960000E-03,-24.1206028E-03,-33.2010044E-03
+19.7965000E-03,-32.1608037E-03,-32.1959793E-03
+19.7970000E-03,-24.1206028E-03,-20.1356779E-03
+19.7975000E-03,-23.1155776E-03,-32.1959793E-03
+19.7980000E-03,-16.0804018E-03,-29.6834165E-03
+19.7985000E-03,-8.0402009E-03,-33.2010044E-03
+19.7990000E-03,-24.1206028E-03,-28.1758788E-03
+19.7995000E-03,-24.1206028E-03,-17.1206025E-03
+19.8000000E-03,-16.0804018E-03,-17.1206025E-03
+19.8005000E-03,-16.0804018E-03,-24.1557783E-03
+19.8010000E-03,-16.0804018E-03,-25.1608035E-03
+19.8015000E-03,-8.5427135E-03,-25.1608035E-03
+19.8020000E-03,-8.0402009E-03,-20.1356779E-03
+19.8025000E-03,-8.0402009E-03,-24.1557783E-03
+19.8030000E-03,-8.0402009E-03,-17.1206025E-03
+19.8035000E-03,-7.0351758E-03,-17.1206025E-03
+19.8040000E-03,+0.0E+00,-25.1608035E-03
+19.8045000E-03,-502.5126E-06,-33.2010044E-03
+19.8050000E-03,-8.0402009E-03,-33.2010044E-03
+19.8055000E-03,-8.5427135E-03,-33.2010044E-03
+19.8060000E-03,-3.0150753E-03,-21.6432156E-03
+19.8065000E-03,-8.0402009E-03,-9.5829142E-03
+19.8070000E-03,-8.0402009E-03,-17.1206025E-03
+19.8075000E-03,-8.0402009E-03,-17.1206025E-03
+19.8080000E-03,-8.0402009E-03,-25.1608035E-03
+19.8085000E-03,-8.0402009E-03,-17.1206025E-03
+19.8090000E-03,-8.0402009E-03,-12.0954770E-03
+19.8095000E-03,-502.5126E-06,-9.0804016E-03
+19.8100000E-03,-3.0150753E-03,-9.0804016E-03
+19.8105000E-03,-8.0402009E-03,-9.5829142E-03
+19.8110000E-03,-8.0402009E-03,-9.0804016E-03
+19.8115000E-03,-7.0351758E-03,-1.5427133E-03
+19.8120000E-03,-4.5226130E-03,-9.0804016E-03
+19.8125000E-03,-8.0402009E-03,-16.1155774E-03
+19.8130000E-03,-8.0402009E-03,-1.0402007E-03
+19.8135000E-03,+502.5126E-06,-1.5427133E-03
+19.8140000E-03,+0.0E+00,-9.0804016E-03
+19.8145000E-03,+0.0E+00,-9.5829142E-03
+19.8150000E-03,+3.0150753E-03,-13.6030146E-03
+19.8155000E-03,+0.0E+00,-17.1206025E-03
+19.8160000E-03,+0.0E+00,-9.0804016E-03
+19.8165000E-03,+0.0E+00,-35.1756E-06
+19.8170000E-03,+3.0150753E-03,+11.5226132E-03
+19.8175000E-03,+502.5126E-06,+15.0402011E-03
+19.8180000E-03,+8.0402009E-03,+15.0402011E-03
+19.8185000E-03,+16.0804018E-03,+15.0402011E-03
+19.8190000E-03,+11.0552763E-03,+10.0150756E-03
+19.8195000E-03,+16.0804018E-03,+7.0000002E-03
+19.8200000E-03,+16.0804018E-03,+7.0000002E-03
+19.8205000E-03,+8.5427135E-03,+7.0000002E-03
+19.8210000E-03,+0.0E+00,+7.0000002E-03
+19.8215000E-03,-8.0402009E-03,+15.0402011E-03
+19.8220000E-03,-8.0402009E-03,+23.0804021E-03
+19.8225000E-03,+0.0E+00,+15.5427137E-03
+19.8230000E-03,+3.0150753E-03,+15.0402011E-03
+19.8235000E-03,+7.0351758E-03,+22.0753769E-03
+19.8240000E-03,+12.5628139E-03,+19.5628142E-03
+19.8245000E-03,+0.0E+00,+15.0402011E-03
+19.8250000E-03,+0.0E+00,+15.0402011E-03
+19.8255000E-03,+8.0402009E-03,+22.0753769E-03
+19.8260000E-03,+8.0402009E-03,+15.0402011E-03
+19.8265000E-03,+16.0804018E-03,+15.5427137E-03
+19.8270000E-03,+12.5628139E-03,+23.0804021E-03
+19.8275000E-03,+8.0402009E-03,+23.0804021E-03
+19.8280000E-03,+11.0552763E-03,+15.0402011E-03
+19.8285000E-03,+16.0804018E-03,+23.0804021E-03
+19.8290000E-03,+8.0402009E-03,+19.5628142E-03
+19.8295000E-03,+16.0804018E-03,+15.0402011E-03
+19.8300000E-03,+24.1206028E-03,+15.0402011E-03
+19.8305000E-03,+24.6231153E-03,+15.5427137E-03
+19.8310000E-03,+40.2010046E-03,+23.0804021E-03
+19.8315000E-03,+47.2361804E-03,+23.0804021E-03
+19.8320000E-03,+40.2010046E-03,+15.0402011E-03
+19.8325000E-03,+24.1206028E-03,+15.5427137E-03
+19.8330000E-03,+24.1206028E-03,+31.1206030E-03
+19.8335000E-03,+24.6231153E-03,+39.1608039E-03
+19.8340000E-03,+32.1608037E-03,+39.1608039E-03
+19.8345000E-03,+24.1206028E-03,+39.1608039E-03
+19.8350000E-03,+24.1206028E-03,+43.6834169E-03
+19.8355000E-03,+24.1206028E-03,+46.1959797E-03
+19.8360000E-03,+24.1206028E-03,+51.7236178E-03
+19.8365000E-03,+32.1608037E-03,+63.2814066E-03
+19.8370000E-03,+40.2010046E-03,+47.2010048E-03
+19.8375000E-03,+32.1608037E-03,+47.2010048E-03
+19.8380000E-03,+32.1608037E-03,+50.2160802E-03
+19.8385000E-03,+40.2010046E-03,+47.2010048E-03
+19.8390000E-03,+40.2010046E-03,+31.1206030E-03
+19.8395000E-03,+31.1557786E-03,+31.1206030E-03
+19.8400000E-03,+19.0954772E-03,+47.2010048E-03
+19.8405000E-03,+32.1608037E-03,+39.6633164E-03
+19.8410000E-03,+32.1608037E-03,+47.2010048E-03
+19.8415000E-03,+32.6633162E-03,+55.2412057E-03
+19.8420000E-03,+36.6834167E-03,+55.2412057E-03
+19.8425000E-03,+40.2010046E-03,+55.7437183E-03
+19.8430000E-03,+44.7236176E-03,+63.2814066E-03
+19.8435000E-03,+40.2010046E-03,+63.2814066E-03
+19.8440000E-03,+40.2010046E-03,+66.2964820E-03
+19.8445000E-03,+40.2010046E-03,+63.7839192E-03
+19.8450000E-03,+48.2412055E-03,+67.8040197E-03
+19.8455000E-03,+48.2412055E-03,+63.2814066E-03
+19.8460000E-03,+51.2562809E-03,+71.3216076E-03
+19.8465000E-03,+48.2412055E-03,+71.3216076E-03
+19.8470000E-03,+43.2160799E-03,+74.3366829E-03
+19.8475000E-03,+48.2412055E-03,+71.8241201E-03
+19.8480000E-03,+51.2562809E-03,+79.3618085E-03
+19.8485000E-03,+64.3216074E-03,+79.3618085E-03
+19.8490000E-03,+64.3216074E-03,+79.3618085E-03
+19.8495000E-03,+64.8241199E-03,+79.3618085E-03
+19.8500000E-03,+68.8442204E-03,+79.3618085E-03
+19.8505000E-03,+56.2814064E-03,+71.8241201E-03
+19.8510000E-03,+56.2814064E-03,+79.3618085E-03
+19.8515000E-03,+48.2412055E-03,+71.8241201E-03
+19.8520000E-03,+56.2814064E-03,+83.8844215E-03
+19.8525000E-03,+56.2814064E-03,+79.8643210E-03
+19.8530000E-03,+59.2964818E-03,+90.4170847E-03
+19.8535000E-03,+56.2814064E-03,+87.4020094E-03
+19.8540000E-03,+56.2814064E-03,+103.4824112E-03
+19.8545000E-03,+56.2814064E-03,+95.4422103E-03
+19.8550000E-03,+64.3216074E-03,+95.4422103E-03
+19.8555000E-03,+63.3165822E-03,+95.4422103E-03
+19.8560000E-03,+60.8040194E-03,+99.9648233E-03
+19.8565000E-03,+63.3165822E-03,+103.9849238E-03
+19.8570000E-03,+68.8442204E-03,+114.5376875E-03
+19.8575000E-03,+80.4020092E-03,+110.5175870E-03
+19.8580000E-03,+76.8844213E-03,+111.5226122E-03
+19.8585000E-03,+72.3618083E-03,+112.0251247E-03
+19.8590000E-03,+72.3618083E-03,+111.5226122E-03
+19.8595000E-03,+64.3216074E-03,+118.5577880E-03
+19.8600000E-03,+72.3618083E-03,+119.5628131E-03
+19.8605000E-03,+72.3618083E-03,+103.9849238E-03
+19.8610000E-03,+80.4020092E-03,+103.4824112E-03
+19.8615000E-03,+72.8643208E-03,+111.5226122E-03
+19.8620000E-03,+72.3618083E-03,+103.4824112E-03
+19.8625000E-03,+64.3216074E-03,+119.5628131E-03
+19.8630000E-03,+64.3216074E-03,+127.6030140E-03
+19.8635000E-03,+72.3618083E-03,+126.5979889E-03
+19.8640000E-03,+80.4020092E-03,+122.5778884E-03
+19.8645000E-03,+88.4422101E-03,+119.5628131E-03
+19.8650000E-03,+91.4572855E-03,+124.0854261E-03
+19.8655000E-03,+96.4824110E-03,+120.0653256E-03
+19.8660000E-03,+96.4824110E-03,+119.5628131E-03
+19.8665000E-03,+96.4824110E-03,+134.6381898E-03
+19.8670000E-03,+104.5226119E-03,+132.1256270E-03
+19.8675000E-03,+104.5226119E-03,+127.6030140E-03
+19.8680000E-03,+104.5226119E-03,+127.6030140E-03
+19.8685000E-03,+103.5175868E-03,+127.6030140E-03
+19.8690000E-03,+104.5226119E-03,+135.6432149E-03
+19.8695000E-03,+96.4824110E-03,+128.1055266E-03
+19.8700000E-03,+104.5226119E-03,+135.6432149E-03
+19.8705000E-03,+105.0251245E-03,+143.6834158E-03
+19.8710000E-03,+112.5628129E-03,+143.6834158E-03
+19.8715000E-03,+112.5628129E-03,+150.7185916E-03
+19.8720000E-03,+112.5628129E-03,+148.2060289E-03
+19.8725000E-03,+120.6030138E-03,+144.1859284E-03
+19.8730000E-03,+112.5628129E-03,+138.6582903E-03
+19.8735000E-03,+120.6030138E-03,+135.6432149E-03
+19.8740000E-03,+109.0452250E-03,+135.6432149E-03
+19.8745000E-03,+103.5175868E-03,+135.6432149E-03
+19.8750000E-03,+96.4824110E-03,+143.6834158E-03
+19.8755000E-03,+96.4824110E-03,+159.7638177E-03
+19.8760000E-03,+104.5226119E-03,+167.8040186E-03
+19.8765000E-03,+111.5577877E-03,+167.8040186E-03
+19.8770000E-03,+112.5628129E-03,+167.8040186E-03
+19.8775000E-03,+112.5628129E-03,+174.8391944E-03
+19.8780000E-03,+112.5628129E-03,+172.3266316E-03
+19.8785000E-03,+111.5577877E-03,+174.8391944E-03
+19.8790000E-03,+107.5376873E-03,+180.3668325E-03
+19.8795000E-03,+104.5226119E-03,+183.8844204E-03
+19.8800000E-03,+115.5778882E-03,+180.3668325E-03
+19.8805000E-03,+120.6030138E-03,+176.3467321E-03
+19.8810000E-03,+120.6030138E-03,+186.8994958E-03
+19.8815000E-03,+120.6030138E-03,+191.9246214E-03
+19.8820000E-03,+120.6030138E-03,+188.4070334E-03
+19.8825000E-03,+128.6432147E-03,+191.9246214E-03
+19.8830000E-03,+128.6432147E-03,+183.8844204E-03
+19.8835000E-03,+120.6030138E-03,+183.8844204E-03
+19.8840000E-03,+120.6030138E-03,+191.9246214E-03
+19.8845000E-03,+127.6381896E-03,+199.9648223E-03
+19.8850000E-03,+128.6432147E-03,+199.9648223E-03
+19.8855000E-03,+128.6432147E-03,+192.4271339E-03
+19.8860000E-03,+136.6834156E-03,+191.9246214E-03
+19.8865000E-03,+136.6834156E-03,+192.4271339E-03
+19.8870000E-03,+136.6834156E-03,+199.9648223E-03
+19.8875000E-03,+136.6834156E-03,+198.9597972E-03
+19.8880000E-03,+131.6582900E-03,+191.9246214E-03
+19.8885000E-03,+127.6381896E-03,+199.9648223E-03
+19.8890000E-03,+120.6030138E-03,+204.4874353E-03
+19.8895000E-03,+128.6432147E-03,+216.0452241E-03
+19.8900000E-03,+131.6582900E-03,+202.9798976E-03
+19.8905000E-03,+120.6030138E-03,+208.0050232E-03
+19.8910000E-03,+128.6432147E-03,+216.0452241E-03
+19.8915000E-03,+128.6432147E-03,+224.0854250E-03
+19.8920000E-03,+136.6834156E-03,+224.0854250E-03
+19.8925000E-03,+130.1507524E-03,+223.0803999E-03
+19.8930000E-03,+139.6984910E-03,+232.1256259E-03
+19.8935000E-03,+144.7236165E-03,+224.0854250E-03
+19.8940000E-03,+144.7236165E-03,+227.1005004E-03
+19.8945000E-03,+144.7236165E-03,+232.1256259E-03
+19.8950000E-03,+147.7386919E-03,+235.1407013E-03
+19.8955000E-03,+152.7638175E-03,+240.1658269E-03
+19.8960000E-03,+152.7638175E-03,+235.1407013E-03
+19.8965000E-03,+159.7989933E-03,+239.1608017E-03
+19.8970000E-03,+160.8040184E-03,+240.1658269E-03
+19.8975000E-03,+160.8040184E-03,+240.1658269E-03
+19.8980000E-03,+155.7788928E-03,+248.2060278E-03
+19.8985000E-03,+168.8442193E-03,+256.2462287E-03
+19.8990000E-03,+176.8844202E-03,+248.2060278E-03
+19.8995000E-03,+169.3467319E-03,+232.6281385E-03
+19.9000000E-03,+168.8442193E-03,+240.1658269E-03
+19.9005000E-03,+176.8844202E-03,+248.2060278E-03
+19.9010000E-03,+168.8442193E-03,+248.2060278E-03
+19.9015000E-03,+168.8442193E-03,+255.2412036E-03
+19.9020000E-03,+168.8442193E-03,+252.7286408E-03
+19.9025000E-03,+168.8442193E-03,+248.7085403E-03
+19.9030000E-03,+168.8442193E-03,+256.2462287E-03
+19.9035000E-03,+167.8391942E-03,+256.2462287E-03
+19.9040000E-03,+160.8040184E-03,+264.2864296E-03
+19.9045000E-03,+160.8040184E-03,+264.2864296E-03
+19.9050000E-03,+157.2864305E-03,+272.3266305E-03
+19.9055000E-03,+160.8040184E-03,+272.8291431E-03
+19.9060000E-03,+160.8040184E-03,+276.8492436E-03
+19.9065000E-03,+168.8442193E-03,+280.3668315E-03
+19.9070000E-03,+168.8442193E-03,+284.8894445E-03
+19.9075000E-03,+177.3869328E-03,+288.4070324E-03
+19.9080000E-03,+179.8994956E-03,+280.3668315E-03
+19.9085000E-03,+176.8844202E-03,+279.3618063E-03
+19.9090000E-03,+176.8844202E-03,+288.4070324E-03
+19.9095000E-03,+184.9246211E-03,+288.4070324E-03
+19.9100000E-03,+192.9648221E-03,+284.8894445E-03
+19.9105000E-03,+184.9246211E-03,+287.4020073E-03
+19.9110000E-03,+187.9396965E-03,+284.8894445E-03
+19.9115000E-03,+184.9246211E-03,+280.3668315E-03
+19.9120000E-03,+176.8844202E-03,+280.3668315E-03
+19.9125000E-03,+184.9246211E-03,+304.4874342E-03
+19.9130000E-03,+201.0050230E-03,+300.9698463E-03
+19.9135000E-03,+201.0050230E-03,+296.9497459E-03
+19.9140000E-03,+192.9648221E-03,+304.4874342E-03
+19.9145000E-03,+199.9999979E-03,+312.5276351E-03
+19.9150000E-03,+192.9648221E-03,+312.5276351E-03
+19.9155000E-03,+184.9246211E-03,+320.5678361E-03
+19.9160000E-03,+187.9396965E-03,+328.6080370E-03
+19.9165000E-03,+201.0050230E-03,+329.1105495E-03
+19.9170000E-03,+201.0050230E-03,+320.5678361E-03
+19.9175000E-03,+201.0050230E-03,+321.0703486E-03
+19.9180000E-03,+195.9798974E-03,+328.6080370E-03
+19.9185000E-03,+201.0050230E-03,+328.6080370E-03
+19.9190000E-03,+192.9648221E-03,+336.6482379E-03
+19.9195000E-03,+192.9648221E-03,+337.1507504E-03
+19.9200000E-03,+201.0050230E-03,+344.6884388E-03
+19.9205000E-03,+201.0050230E-03,+344.6884388E-03
+19.9210000E-03,+201.0050230E-03,+344.6884388E-03
+19.9215000E-03,+199.9999979E-03,+337.1507504E-03
+19.9220000E-03,+201.0050230E-03,+344.6884388E-03
+19.9225000E-03,+201.0050230E-03,+344.6884388E-03
+19.9230000E-03,+209.0452239E-03,+349.2110518E-03
+19.9235000E-03,+209.5477364E-03,+343.6834137E-03
+19.9240000E-03,+204.0200983E-03,+344.6884388E-03
+19.9245000E-03,+193.4673346E-03,+344.6884388E-03
+19.9250000E-03,+204.0200983E-03,+344.6884388E-03
+19.9255000E-03,+201.0050230E-03,+352.7286397E-03
+19.9260000E-03,+209.0452239E-03,+360.7688406E-03
+19.9265000E-03,+209.0452239E-03,+360.7688406E-03
+19.9270000E-03,+209.0452239E-03,+368.8090416E-03
+19.9275000E-03,+209.0452239E-03,+368.8090416E-03
+19.9280000E-03,+209.0452239E-03,+365.2914537E-03
+19.9285000E-03,+217.0854248E-03,+360.7688406E-03
+19.9290000E-03,+217.0854248E-03,+360.7688406E-03
+19.9295000E-03,+216.0803997E-03,+361.2713532E-03
+19.9300000E-03,+217.0854248E-03,+371.8241169E-03
+19.9305000E-03,+225.6281383E-03,+384.8894434E-03
+19.9310000E-03,+233.1658266E-03,+379.8643178E-03
+19.9315000E-03,+225.1256257E-03,+376.8492425E-03
+19.9320000E-03,+233.1658266E-03,+373.3316546E-03
+19.9325000E-03,+225.1256257E-03,+376.8492425E-03
+19.9330000E-03,+229.6482387E-03,+392.9296443E-03
+19.9335000E-03,+233.6683392E-03,+384.8894434E-03
+19.9340000E-03,+233.1658266E-03,+392.9296443E-03
+19.9345000E-03,+233.6683392E-03,+392.9296443E-03
+19.9350000E-03,+237.6884397E-03,+384.8894434E-03
+19.9355000E-03,+217.5879374E-03,+384.8894434E-03
+19.9360000E-03,+217.0854248E-03,+400.9698452E-03
+19.9365000E-03,+217.5879374E-03,+409.5125587E-03
+19.9370000E-03,+237.6884397E-03,+417.0502471E-03
+19.9375000E-03,+257.2864294E-03,+417.0502471E-03
+19.9380000E-03,+257.2864294E-03,+405.4924583E-03
+19.9385000E-03,+257.2864294E-03,+400.9698452E-03
+19.9390000E-03,+249.2462285E-03,+395.9447197E-03
+19.9395000E-03,+241.2060276E-03,+400.9698452E-03
+19.9400000E-03,+244.2211029E-03,+405.4924583E-03
+19.9405000E-03,+249.2462285E-03,+416.0452220E-03
+19.9410000E-03,+257.2864294E-03,+417.0502471E-03
+19.9415000E-03,+257.2864294E-03,+409.0100462E-03
+19.9420000E-03,+241.2060276E-03,+412.0251215E-03
+19.9425000E-03,+241.7085401E-03,+425.0904480E-03
+19.9430000E-03,+249.2462285E-03,+420.0653224E-03
+19.9435000E-03,+249.2462285E-03,+425.0904480E-03
+19.9440000E-03,+257.2864294E-03,+425.0904480E-03
+19.9445000E-03,+265.3266303E-03,+424.0854229E-03
+19.9450000E-03,+257.2864294E-03,+417.0502471E-03
+19.9455000E-03,+257.7889420E-03,+432.1256238E-03
+19.9460000E-03,+261.8090424E-03,+425.0904480E-03
+19.9465000E-03,+265.3266303E-03,+433.1306489E-03
+19.9470000E-03,+269.8492433E-03,+425.0904480E-03
+19.9475000E-03,+273.3668312E-03,+425.0904480E-03
+19.9480000E-03,+265.3266303E-03,+429.6130610E-03
+19.9485000E-03,+265.3266303E-03,+433.1306489E-03
+19.9490000E-03,+260.3015047E-03,+441.1708498E-03
+19.9495000E-03,+249.2462285E-03,+441.1708498E-03
+19.9500000E-03,+249.2462285E-03,+449.2110508E-03
+19.9505000E-03,+265.3266303E-03,+457.2512517E-03
+19.9510000E-03,+281.4070322E-03,+457.2512517E-03
+19.9515000E-03,+289.4472331E-03,+441.1708498E-03
+19.9520000E-03,+281.4070322E-03,+441.1708498E-03
+19.9525000E-03,+281.9095447E-03,+448.2060256E-03
+19.9530000E-03,+289.4472331E-03,+449.2110508E-03
+19.9535000E-03,+289.4472331E-03,+441.6733624E-03
+19.9540000E-03,+289.4472331E-03,+445.6934629E-03
+19.9545000E-03,+289.4472331E-03,+441.1708498E-03
+19.9550000E-03,+289.4472331E-03,+445.6934629E-03
+19.9555000E-03,+287.4371829E-03,+449.2110508E-03
+19.9560000E-03,+281.4070322E-03,+457.2512517E-03
+19.9565000E-03,+280.4020070E-03,+464.2864275E-03
+19.9570000E-03,+289.4472331E-03,+465.2914526E-03
+19.9575000E-03,+281.9095447E-03,+465.2914526E-03
+19.9580000E-03,+285.9296452E-03,+477.8542665E-03
+19.9585000E-03,+296.4824089E-03,+480.3668293E-03
+19.9590000E-03,+289.4472331E-03,+477.8542665E-03
+19.9595000E-03,+296.4824089E-03,+473.3316535E-03
+19.9600000E-03,+297.4874340E-03,+476.3467289E-03
+19.9605000E-03,+289.9497456E-03,+480.3668293E-03
+19.9610000E-03,+293.9698461E-03,+473.3316535E-03
+19.9615000E-03,+297.4874340E-03,+488.4070302E-03
+19.9620000E-03,+297.4874340E-03,+489.4120554E-03
+19.9625000E-03,+304.5226098E-03,+481.3718544E-03
+19.9630000E-03,+297.4874340E-03,+477.8542665E-03
+19.9635000E-03,+289.9497456E-03,+481.3718544E-03
+19.9640000E-03,+292.4623084E-03,+481.3718544E-03
+19.9645000E-03,+297.9899466E-03,+488.4070302E-03
+19.9650000E-03,+305.5276349E-03,+489.4120554E-03
+19.9655000E-03,+305.5276349E-03,+489.9145679E-03
+19.9660000E-03,+305.5276349E-03,+489.4120554E-03
+19.9665000E-03,+297.4874340E-03,+481.8743670E-03
+19.9670000E-03,+292.4623084E-03,+493.9346684E-03
+19.9675000E-03,+297.4874340E-03,+497.4522563E-03
+19.9680000E-03,+300.5025093E-03,+492.4271307E-03
+19.9685000E-03,+305.5276349E-03,+497.4522563E-03
+19.9690000E-03,+305.5276349E-03,+510.0150702E-03
+19.9695000E-03,+313.5678358E-03,+513.5326581E-03
+19.9700000E-03,+316.5829112E-03,+513.5326581E-03
+19.9705000E-03,+329.6482377E-03,+513.5326581E-03
+19.9710000E-03,+329.6482377E-03,+501.9748693E-03
+19.9715000E-03,+314.0703484E-03,+489.4120554E-03
+19.9720000E-03,+321.6080368E-03,+492.4271307E-03
+19.9725000E-03,+321.6080368E-03,+497.4522563E-03
+19.9730000E-03,+321.6080368E-03,+505.4924572E-03
+19.9735000E-03,+321.6080368E-03,+505.4924572E-03
+19.9740000E-03,+321.6080368E-03,+518.0552711E-03
+19.9745000E-03,+322.1105493E-03,+521.5728590E-03
+19.9750000E-03,+337.6884386E-03,+521.5728590E-03
+19.9755000E-03,+329.6482377E-03,+513.5326581E-03
+19.9760000E-03,+329.6482377E-03,+513.5326581E-03
+19.9765000E-03,+329.6482377E-03,+513.5326581E-03
+19.9770000E-03,+329.6482377E-03,+513.5326581E-03
+19.9775000E-03,+322.1105493E-03,+513.5326581E-03
+19.9780000E-03,+321.6080368E-03,+505.4924572E-03
+19.9785000E-03,+329.6482377E-03,+513.5326581E-03
+19.9790000E-03,+329.6482377E-03,+508.5075325E-03
+19.9795000E-03,+329.6482377E-03,+513.5326581E-03
+19.9800000E-03,+324.6231121E-03,+513.5326581E-03
+19.9805000E-03,+328.6432126E-03,+521.5728590E-03
+19.9810000E-03,+334.1708507E-03,+529.6130599E-03
+19.9815000E-03,+337.6884386E-03,+520.5678339E-03
+19.9820000E-03,+329.6482377E-03,+529.6130599E-03
+19.9825000E-03,+329.6482377E-03,+530.1155725E-03
+19.9830000E-03,+329.6482377E-03,+534.1356730E-03
+19.9835000E-03,+336.6834135E-03,+544.6884367E-03
+19.9840000E-03,+342.2110516E-03,+537.6532609E-03
+19.9845000E-03,+345.7286395E-03,+537.6532609E-03
+19.9850000E-03,+350.2512525E-03,+545.6934618E-03
+19.9855000E-03,+360.8040162E-03,+545.6934618E-03
+19.9860000E-03,+353.7688404E-03,+540.6683362E-03
+19.9865000E-03,+353.7688404E-03,+537.6532609E-03
+19.9870000E-03,+345.7286395E-03,+532.6281353E-03
+19.9875000E-03,+344.7236144E-03,+536.6482357E-03
+19.9880000E-03,+337.6884386E-03,+537.6532609E-03
+19.9885000E-03,+330.1507502E-03,+544.6884367E-03
+19.9890000E-03,+337.6884386E-03,+545.6934618E-03
+19.9895000E-03,+336.6834135E-03,+537.6532609E-03
+19.9900000E-03,+329.6482377E-03,+537.6532609E-03
+19.9905000E-03,+329.6482377E-03,+553.7336627E-03
+19.9910000E-03,+345.7286395E-03,+561.7738636E-03
+19.9915000E-03,+353.7688404E-03,+552.7286376E-03
+19.9920000E-03,+353.7688404E-03,+537.6532609E-03
+19.9925000E-03,+346.2311521E-03,+544.6884367E-03
+19.9930000E-03,+353.7688404E-03,+537.6532609E-03
+19.9935000E-03,+353.7688404E-03,+536.6482357E-03
+19.9940000E-03,+353.7688404E-03,+537.6532609E-03
+19.9945000E-03,+346.2311521E-03,+537.6532609E-03
+19.9950000E-03,+345.7286395E-03,+545.6934618E-03
+19.9955000E-03,+353.7688404E-03,+545.6934618E-03
+19.9960000E-03,+356.7839158E-03,+550.2160748E-03
+19.9965000E-03,+369.8492423E-03,+529.6130599E-03
+19.9970000E-03,+361.8090414E-03,+529.6130599E-03
+19.9975000E-03,+354.2713530E-03,+536.6482357E-03
+19.9980000E-03,+361.8090414E-03,+537.6532609E-03
+19.9985000E-03,+354.2713530E-03,+545.6934618E-03
+19.9990000E-03,+361.8090414E-03,+553.7336627E-03
+19.9995000E-03,+362.3115539E-03,+545.6934618E-03
+20.0000000E-03,+358.2914534E-03,+548.7085371E-03
+20.0005000E-03,+369.8492423E-03,+545.6934618E-03
+20.0010000E-03,+372.8643176E-03,+542.1758739E-03
+20.0015000E-03,+353.7688404E-03,+537.6532609E-03
+20.0020000E-03,+348.7437149E-03,+545.6934618E-03
+20.0025000E-03,+361.8090414E-03,+553.7336627E-03
+20.0030000E-03,+356.7839158E-03,+550.2160748E-03
+20.0035000E-03,+361.8090414E-03,+561.7738636E-03
+20.0040000E-03,+369.8492423E-03,+561.7738636E-03
+20.0045000E-03,+370.3517548E-03,+560.7688385E-03
+20.0050000E-03,+372.8643176E-03,+556.7487380E-03
+20.0055000E-03,+377.8894432E-03,+553.7336627E-03
+20.0060000E-03,+372.8643176E-03,+540.6683362E-03
+20.0065000E-03,+369.8492423E-03,+537.6532609E-03
+20.0070000E-03,+369.8492423E-03,+545.6934618E-03
+20.0075000E-03,+361.8090414E-03,+545.6934618E-03
+20.0080000E-03,+358.2914534E-03,+545.6934618E-03
+20.0085000E-03,+353.7688404E-03,+545.6934618E-03
+20.0090000E-03,+353.7688404E-03,+545.6934618E-03
+20.0095000E-03,+361.8090414E-03,+553.7336627E-03
+20.0100000E-03,+353.7688404E-03,+553.7336627E-03
+20.0105000E-03,+360.8040162E-03,+560.7688385E-03
+20.0110000E-03,+356.7839158E-03,+561.7738636E-03
+20.0115000E-03,+369.8492423E-03,+561.7738636E-03
+20.0120000E-03,+369.8492423E-03,+553.7336627E-03
+20.0125000E-03,+361.8090414E-03,+553.7336627E-03
+20.0130000E-03,+358.2914534E-03,+561.7738636E-03
+20.0135000E-03,+362.3115539E-03,+569.8140645E-03
+20.0140000E-03,+377.8894432E-03,+561.7738636E-03
+20.0145000E-03,+377.8894432E-03,+554.2361753E-03
+20.0150000E-03,+369.8492423E-03,+553.7336627E-03
+20.0155000E-03,+368.8442172E-03,+561.7738636E-03
+20.0160000E-03,+372.8643176E-03,+561.7738636E-03
+20.0165000E-03,+377.8894432E-03,+561.7738636E-03
+20.0170000E-03,+374.3718553E-03,+558.2562757E-03
+20.0175000E-03,+376.8844181E-03,+561.7738636E-03
+20.0180000E-03,+369.8492423E-03,+556.7487380E-03
+20.0185000E-03,+370.3517548E-03,+554.2361753E-03
+20.0190000E-03,+369.8492423E-03,+548.7085371E-03
+20.0195000E-03,+369.8492423E-03,+553.7336627E-03
+20.0200000E-03,+377.8894432E-03,+548.7085371E-03
+20.0205000E-03,+385.9296441E-03,+545.6934618E-03
+20.0210000E-03,+377.8894432E-03,+537.6532609E-03
+20.0215000E-03,+369.8492423E-03,+545.6934618E-03
+20.0220000E-03,+369.8492423E-03,+545.6934618E-03
+20.0225000E-03,+369.8492423E-03,+545.6934618E-03
+20.0230000E-03,+361.8090414E-03,+545.6934618E-03
+20.0235000E-03,+361.8090414E-03,+554.2361753E-03
+20.0240000E-03,+377.8894432E-03,+553.7336627E-03
+20.0245000E-03,+377.8894432E-03,+553.7336627E-03
+20.0250000E-03,+369.8492423E-03,+542.1758739E-03
+20.0255000E-03,+369.8492423E-03,+537.6532609E-03
+20.0260000E-03,+361.8090414E-03,+537.6532609E-03
+20.0265000E-03,+361.8090414E-03,+537.6532609E-03
+20.0270000E-03,+361.8090414E-03,+537.6532609E-03
+20.0275000E-03,+353.7688404E-03,+544.6884367E-03
+20.0280000E-03,+356.7839158E-03,+545.6934618E-03
+20.0285000E-03,+369.8492423E-03,+553.7336627E-03
+20.0290000E-03,+377.8894432E-03,+542.1758739E-03
+20.0295000E-03,+369.8492423E-03,+537.6532609E-03
+20.0300000E-03,+369.8492423E-03,+542.1758739E-03
+20.0305000E-03,+369.8492423E-03,+538.1557734E-03
+20.0310000E-03,+377.8894432E-03,+545.6934618E-03
+20.0315000E-03,+385.9296441E-03,+537.6532609E-03
+20.0320000E-03,+377.8894432E-03,+532.6281353E-03
+20.0325000E-03,+377.8894432E-03,+537.6532609E-03
+20.0330000E-03,+380.9045185E-03,+529.6130599E-03
+20.0335000E-03,+385.9296441E-03,+513.5326581E-03
+20.0340000E-03,+385.9296441E-03,+508.5075325E-03
+20.0345000E-03,+385.9296441E-03,+505.4924572E-03
+20.0350000E-03,+377.8894432E-03,+505.4924572E-03
+20.0355000E-03,+369.8492423E-03,+513.5326581E-03
+20.0360000E-03,+369.8492423E-03,+521.5728590E-03
+20.0365000E-03,+361.8090414E-03,+520.5678339E-03
+20.0370000E-03,+361.8090414E-03,+529.6130599E-03
+20.0375000E-03,+362.3115539E-03,+521.5728590E-03
+20.0380000E-03,+366.3316544E-03,+532.6281353E-03
+20.0385000E-03,+369.8492423E-03,+529.6130599E-03
+20.0390000E-03,+369.8492423E-03,+516.5477335E-03
+20.0395000E-03,+360.8040162E-03,+513.5326581E-03
+20.0400000E-03,+356.7839158E-03,+513.5326581E-03
+20.0405000E-03,+353.7688404E-03,+521.5728590E-03
+20.0410000E-03,+353.7688404E-03,+521.5728590E-03
+20.0415000E-03,+353.7688404E-03,+529.6130599E-03
+20.0420000E-03,+361.8090414E-03,+526.0954720E-03
+20.0425000E-03,+361.8090414E-03,+529.6130599E-03
+20.0430000E-03,+366.3316544E-03,+526.0954720E-03
+20.0435000E-03,+369.8492423E-03,+521.5728590E-03
+20.0440000E-03,+369.8492423E-03,+521.5728590E-03
+20.0445000E-03,+369.8492423E-03,+521.5728590E-03
+20.0450000E-03,+369.8492423E-03,+521.5728590E-03
+20.0455000E-03,+369.8492423E-03,+521.5728590E-03
+20.0460000E-03,+369.8492423E-03,+521.5728590E-03
+20.0465000E-03,+369.8492423E-03,+521.5728590E-03
+20.0470000E-03,+353.7688404E-03,+521.5728590E-03
+20.0475000E-03,+354.2713530E-03,+529.6130599E-03
+20.0480000E-03,+366.3316544E-03,+521.5728590E-03
+20.0485000E-03,+362.3115539E-03,+513.5326581E-03
+20.0490000E-03,+369.8492423E-03,+513.5326581E-03
+20.0495000E-03,+377.8894432E-03,+497.4522563E-03
+20.0500000E-03,+364.8241167E-03,+497.4522563E-03
+20.0505000E-03,+362.3115539E-03,+505.4924572E-03
+20.0510000E-03,+361.8090414E-03,+505.4924572E-03
+20.0515000E-03,+353.7688404E-03,+513.5326581E-03
+20.0520000E-03,+361.8090414E-03,+510.0150702E-03
+20.0525000E-03,+361.8090414E-03,+505.4924572E-03
+20.0530000E-03,+361.8090414E-03,+513.5326581E-03
+20.0535000E-03,+369.8492423E-03,+521.5728590E-03
+20.0540000E-03,+377.8894432E-03,+513.5326581E-03
+20.0545000E-03,+376.8844181E-03,+505.4924572E-03
+20.0550000E-03,+369.8492423E-03,+497.4522563E-03
+20.0555000E-03,+361.8090414E-03,+489.9145679E-03
+20.0560000E-03,+353.7688404E-03,+497.4522563E-03
+20.0565000E-03,+354.2713530E-03,+489.9145679E-03
+20.0570000E-03,+356.7839158E-03,+485.8944674E-03
+20.0575000E-03,+353.7688404E-03,+473.3316535E-03
+20.0580000E-03,+345.7286395E-03,+473.3316535E-03
+20.0585000E-03,+345.7286395E-03,+473.3316535E-03
+20.0590000E-03,+337.6884386E-03,+481.3718544E-03
+20.0595000E-03,+338.1909512E-03,+473.8341661E-03
+20.0600000E-03,+329.6482377E-03,+473.3316535E-03
+20.0605000E-03,+329.6482377E-03,+473.3316535E-03
+20.0610000E-03,+332.6633130E-03,+469.8140656E-03
+20.0615000E-03,+337.6884386E-03,+465.2914526E-03
+20.0620000E-03,+337.6884386E-03,+481.3718544E-03
+20.0625000E-03,+338.1909512E-03,+481.3718544E-03
+20.0630000E-03,+337.6884386E-03,+485.8944674E-03
+20.0635000E-03,+344.7236144E-03,+481.3718544E-03
+20.0640000E-03,+342.2110516E-03,+481.3718544E-03
+20.0645000E-03,+338.1909512E-03,+473.3316535E-03
+20.0650000E-03,+337.6884386E-03,+473.3316535E-03
+20.0655000E-03,+337.6884386E-03,+465.2914526E-03
+20.0660000E-03,+332.6633130E-03,+460.2663270E-03
+20.0665000E-03,+337.6884386E-03,+457.2512517E-03
+20.0670000E-03,+337.6884386E-03,+453.7336638E-03
+20.0675000E-03,+329.6482377E-03,+457.2512517E-03
+20.0680000E-03,+337.6884386E-03,+461.7738647E-03
+20.0685000E-03,+329.6482377E-03,+457.2512517E-03
+20.0690000E-03,+329.6482377E-03,+449.2110508E-03
+20.0695000E-03,+321.6080368E-03,+448.2060256E-03
+20.0700000E-03,+324.6231121E-03,+449.2110508E-03
+20.0705000E-03,+329.6482377E-03,+449.2110508E-03
+20.0710000E-03,+321.6080368E-03,+449.2110508E-03
+20.0715000E-03,+322.1105493E-03,+449.2110508E-03
+20.0720000E-03,+329.6482377E-03,+449.2110508E-03
+20.0725000E-03,+322.1105493E-03,+457.2512517E-03
+20.0730000E-03,+321.6080368E-03,+457.2512517E-03
+20.0735000E-03,+328.6432126E-03,+457.2512517E-03
+20.0740000E-03,+326.1306498E-03,+449.2110508E-03
+20.0745000E-03,+322.1105493E-03,+441.1708498E-03
+20.0750000E-03,+321.6080368E-03,+433.1306489E-03
+20.0755000E-03,+320.6030116E-03,+433.1306489E-03
+20.0760000E-03,+308.5427103E-03,+433.1306489E-03
+20.0765000E-03,+313.5678358E-03,+433.1306489E-03
+20.0770000E-03,+313.5678358E-03,+425.0904480E-03
+20.0775000E-03,+306.0301475E-03,+417.0502471E-03
+20.0780000E-03,+305.5276349E-03,+417.0502471E-03
+20.0785000E-03,+305.5276349E-03,+417.0502471E-03
+20.0790000E-03,+305.5276349E-03,+417.0502471E-03
+20.0795000E-03,+305.5276349E-03,+417.5527596E-03
+20.0800000E-03,+305.5276349E-03,+417.0502471E-03
+20.0805000E-03,+304.5226098E-03,+417.0502471E-03
+20.0810000E-03,+297.4874340E-03,+409.0100462E-03
+20.0815000E-03,+297.4874340E-03,+409.0100462E-03
+20.0820000E-03,+297.4874340E-03,+409.0100462E-03
+20.0825000E-03,+305.5276349E-03,+409.0100462E-03
+20.0830000E-03,+305.5276349E-03,+413.5326592E-03
+20.0835000E-03,+297.4874340E-03,+417.0502471E-03
+20.0840000E-03,+300.5025093E-03,+417.0502471E-03
+20.0845000E-03,+297.4874340E-03,+409.0100462E-03
+20.0850000E-03,+297.4874340E-03,+417.0502471E-03
+20.0855000E-03,+305.5276349E-03,+417.0502471E-03
+20.0860000E-03,+313.5678358E-03,+409.0100462E-03
+20.0865000E-03,+305.5276349E-03,+400.9698452E-03
+20.0870000E-03,+300.5025093E-03,+400.9698452E-03
+20.0875000E-03,+297.4874340E-03,+409.0100462E-03
+20.0880000E-03,+297.4874340E-03,+400.9698452E-03
+20.0885000E-03,+304.5226098E-03,+392.9296443E-03
+20.0890000E-03,+297.4874340E-03,+384.8894434E-03
+20.0895000E-03,+288.4422080E-03,+376.8492425E-03
+20.0900000E-03,+273.3668312E-03,+384.8894434E-03
+20.0905000E-03,+265.8291429E-03,+393.4321569E-03
+20.0910000E-03,+268.3417057E-03,+397.4522573E-03
+20.0915000E-03,+273.3668312E-03,+399.9648201E-03
+20.0920000E-03,+273.3668312E-03,+392.9296443E-03
+20.0925000E-03,+273.8693438E-03,+392.9296443E-03
+20.0930000E-03,+289.4472331E-03,+381.3718555E-03
+20.0935000E-03,+281.9095447E-03,+368.8090416E-03
+20.0940000E-03,+281.4070322E-03,+360.7688406E-03
+20.0945000E-03,+288.4422080E-03,+368.8090416E-03
+20.0950000E-03,+281.4070322E-03,+368.8090416E-03
+20.0955000E-03,+280.4020070E-03,+368.8090416E-03
+20.0960000E-03,+273.3668312E-03,+368.8090416E-03
+20.0965000E-03,+280.4020070E-03,+368.8090416E-03
+20.0970000E-03,+265.3266303E-03,+363.7839160E-03
+20.0975000E-03,+265.8291429E-03,+360.7688406E-03
+20.0980000E-03,+269.8492433E-03,+360.7688406E-03
+20.0985000E-03,+265.3266303E-03,+360.7688406E-03
+20.0990000E-03,+265.3266303E-03,+360.7688406E-03
+20.0995000E-03,+265.8291429E-03,+368.8090416E-03
+20.1000000E-03,+265.3266303E-03,+363.7839160E-03
+20.1005000E-03,+281.4070322E-03,+368.8090416E-03
+20.1010000E-03,+273.3668312E-03,+360.7688406E-03
+20.1015000E-03,+273.3668312E-03,+353.2311523E-03
+20.1020000E-03,+265.3266303E-03,+347.7035142E-03
+20.1025000E-03,+257.2864294E-03,+352.7286397E-03
+20.1030000E-03,+253.7688415E-03,+352.7286397E-03
+20.1035000E-03,+249.2462285E-03,+345.1909514E-03
+20.1040000E-03,+241.2060276E-03,+352.7286397E-03
+20.1045000E-03,+241.2060276E-03,+352.7286397E-03
+20.1050000E-03,+245.7286406E-03,+352.7286397E-03
+20.1055000E-03,+256.2814043E-03,+343.6834137E-03
+20.1060000E-03,+249.2462285E-03,+328.6080370E-03
+20.1065000E-03,+233.1658266E-03,+321.0703486E-03
+20.1070000E-03,+237.6884397E-03,+323.5829114E-03
+20.1075000E-03,+241.2060276E-03,+327.6030119E-03
+20.1080000E-03,+233.1658266E-03,+328.6080370E-03
+20.1085000E-03,+233.1658266E-03,+329.1105495E-03
+20.1090000E-03,+237.6884397E-03,+336.6482379E-03
+20.1095000E-03,+233.1658266E-03,+343.6834137E-03
+20.1100000E-03,+229.6482387E-03,+344.6884388E-03
+20.1105000E-03,+233.1658266E-03,+336.6482379E-03
+20.1110000E-03,+233.1658266E-03,+312.5276351E-03
+20.1115000E-03,+233.1658266E-03,+311.5226100E-03
+20.1120000E-03,+225.1256257E-03,+307.5025096E-03
+20.1125000E-03,+217.0854248E-03,+312.5276351E-03
+20.1130000E-03,+217.0854248E-03,+309.0100472E-03
+20.1135000E-03,+217.0854248E-03,+304.9899468E-03
+20.1140000E-03,+217.0854248E-03,+312.5276351E-03
+20.1145000E-03,+209.5477364E-03,+304.9899468E-03
+20.1150000E-03,+217.0854248E-03,+315.5427105E-03
+20.1155000E-03,+209.5477364E-03,+304.4874342E-03
+20.1160000E-03,+209.0452239E-03,+304.4874342E-03
+20.1165000E-03,+208.0401988E-03,+304.4874342E-03
+20.1170000E-03,+204.0200983E-03,+304.4874342E-03
+20.1175000E-03,+209.0452239E-03,+295.4422082E-03
+20.1180000E-03,+201.0050230E-03,+288.4070324E-03
+20.1185000E-03,+192.9648221E-03,+295.4422082E-03
+20.1190000E-03,+192.9648221E-03,+292.9296454E-03
+20.1195000E-03,+191.9597969E-03,+296.4472333E-03
+20.1200000E-03,+192.9648221E-03,+300.9698463E-03
+20.1205000E-03,+201.0050230E-03,+304.4874342E-03
+20.1210000E-03,+201.0050230E-03,+304.4874342E-03
+20.1215000E-03,+201.0050230E-03,+304.4874342E-03
+20.1220000E-03,+205.5276360E-03,+292.9296454E-03
+20.1225000E-03,+201.0050230E-03,+288.4070324E-03
+20.1230000E-03,+201.0050230E-03,+288.4070324E-03
+20.1235000E-03,+209.0452239E-03,+288.4070324E-03
+20.1240000E-03,+209.0452239E-03,+280.3668315E-03
+20.1245000E-03,+209.0452239E-03,+271.3216054E-03
+20.1250000E-03,+195.9798974E-03,+260.7688417E-03
+20.1255000E-03,+193.4673346E-03,+264.2864296E-03
+20.1260000E-03,+195.9798974E-03,+264.2864296E-03
+20.1265000E-03,+192.9648221E-03,+264.2864296E-03
+20.1270000E-03,+184.9246211E-03,+256.2462287E-03
+20.1275000E-03,+176.8844202E-03,+255.2412036E-03
+20.1280000E-03,+168.8442193E-03,+260.7688417E-03
+20.1285000E-03,+169.3467319E-03,+263.2814045E-03
+20.1290000E-03,+168.8442193E-03,+252.7286408E-03
+20.1295000E-03,+175.8793951E-03,+248.2060278E-03
+20.1300000E-03,+171.8592946E-03,+240.1658269E-03
+20.1305000E-03,+176.8844202E-03,+240.6683394E-03
+20.1310000E-03,+176.8844202E-03,+248.2060278E-03
+20.1315000E-03,+175.8793951E-03,+248.2060278E-03
+20.1320000E-03,+176.8844202E-03,+256.2462287E-03
+20.1325000E-03,+176.8844202E-03,+256.2462287E-03
+20.1330000E-03,+171.8592946E-03,+248.2060278E-03
+20.1335000E-03,+169.3467319E-03,+240.1658269E-03
+20.1340000E-03,+168.8442193E-03,+232.1256259E-03
+20.1345000E-03,+160.8040184E-03,+223.0803999E-03
+20.1350000E-03,+149.2462296E-03,+216.0452241E-03
+20.1355000E-03,+137.1859282E-03,+224.0854250E-03
+20.1360000E-03,+136.6834156E-03,+232.1256259E-03
+20.1365000E-03,+145.2261291E-03,+240.1658269E-03
+20.1370000E-03,+152.7638175E-03,+232.1256259E-03
+20.1375000E-03,+145.2261291E-03,+224.0854250E-03
+20.1380000E-03,+144.7236165E-03,+227.1005004E-03
+20.1385000E-03,+144.7236165E-03,+232.6281385E-03
+20.1390000E-03,+147.7386919E-03,+228.6080380E-03
+20.1395000E-03,+151.7587923E-03,+231.1206008E-03
+20.1400000E-03,+152.7638175E-03,+227.1005004E-03
+20.1405000E-03,+153.2663300E-03,+231.1206008E-03
+20.1410000E-03,+152.7638175E-03,+216.0452241E-03
+20.1415000E-03,+143.7185914E-03,+216.0452241E-03
+20.1420000E-03,+136.6834156E-03,+216.0452241E-03
+20.1425000E-03,+136.6834156E-03,+208.5075357E-03
+20.1430000E-03,+136.6834156E-03,+211.0200985E-03
+20.1435000E-03,+137.1859282E-03,+208.0050232E-03
+20.1440000E-03,+139.6984910E-03,+199.9648223E-03
+20.1445000E-03,+136.6834156E-03,+199.9648223E-03
+20.1450000E-03,+136.6834156E-03,+194.9396967E-03
+20.1455000E-03,+136.6834156E-03,+199.9648223E-03
+20.1460000E-03,+136.6834156E-03,+199.9648223E-03
+20.1465000E-03,+136.6834156E-03,+192.4271339E-03
+20.1470000E-03,+128.6432147E-03,+199.9648223E-03
+20.1475000E-03,+128.6432147E-03,+199.9648223E-03
+20.1480000E-03,+123.6180891E-03,+191.9246214E-03
+20.1485000E-03,+120.6030138E-03,+191.9246214E-03
+20.1490000E-03,+120.6030138E-03,+196.4472344E-03
+20.1495000E-03,+128.6432147E-03,+191.9246214E-03
+20.1500000E-03,+128.6432147E-03,+191.9246214E-03
+20.1505000E-03,+128.6432147E-03,+182.8793953E-03
+20.1510000E-03,+120.6030138E-03,+170.8190939E-03
+20.1515000E-03,+127.6381896E-03,+174.8391944E-03
+20.1520000E-03,+128.6432147E-03,+167.8040186E-03
+20.1525000E-03,+121.1055263E-03,+160.2663302E-03
+20.1530000E-03,+112.5628129E-03,+159.7638177E-03
+20.1535000E-03,+112.5628129E-03,+167.8040186E-03
+20.1540000E-03,+107.5376873E-03,+162.7788930E-03
+20.1545000E-03,+104.5226119E-03,+167.8040186E-03
+20.1550000E-03,+104.5226119E-03,+167.8040186E-03
+20.1555000E-03,+104.5226119E-03,+168.3065312E-03
+20.1560000E-03,+109.0452250E-03,+170.8190939E-03
+20.1565000E-03,+104.5226119E-03,+166.7989935E-03
+20.1570000E-03,+104.5226119E-03,+159.7638177E-03
+20.1575000E-03,+104.5226119E-03,+167.8040186E-03
+20.1580000E-03,+104.5226119E-03,+167.8040186E-03
+20.1585000E-03,+104.5226119E-03,+159.7638177E-03
+20.1590000E-03,+104.5226119E-03,+159.7638177E-03
+20.1595000E-03,+104.5226119E-03,+152.2261293E-03
+20.1600000E-03,+109.0452250E-03,+151.7236168E-03
+20.1605000E-03,+104.5226119E-03,+144.1859284E-03
+20.1610000E-03,+96.4824110E-03,+151.7236168E-03
+20.1615000E-03,+103.5175868E-03,+144.1859284E-03
+20.1620000E-03,+91.4572855E-03,+143.6834158E-03
+20.1625000E-03,+88.4422101E-03,+142.6783907E-03
+20.1630000E-03,+84.9246222E-03,+135.6432149E-03
+20.1635000E-03,+72.8643208E-03,+128.1055266E-03
+20.1640000E-03,+72.3618083E-03,+135.6432149E-03
+20.1645000E-03,+72.8643208E-03,+135.6432149E-03
+20.1650000E-03,+72.3618083E-03,+135.6432149E-03
+20.1655000E-03,+72.3618083E-03,+135.6432149E-03
+20.1660000E-03,+80.4020092E-03,+143.6834158E-03
+20.1665000E-03,+88.9447227E-03,+142.6783907E-03
+20.1670000E-03,+88.4422101E-03,+135.6432149E-03
+20.1675000E-03,+87.4371850E-03,+127.6030140E-03
+20.1680000E-03,+84.9246222E-03,+132.1256270E-03
+20.1685000E-03,+80.9045217E-03,+119.5628131E-03
+20.1690000E-03,+75.3768836E-03,+119.5628131E-03
+20.1695000E-03,+72.3618083E-03,+111.5226122E-03
+20.1700000E-03,+72.3618083E-03,+111.5226122E-03
+20.1705000E-03,+72.3618083E-03,+111.5226122E-03
+20.1710000E-03,+83.4170845E-03,+108.0050243E-03
+20.1715000E-03,+88.4422101E-03,+94.4371852E-03
+20.1720000E-03,+67.3366827E-03,+87.4020094E-03
+20.1725000E-03,+56.2814064E-03,+103.4824112E-03
+20.1730000E-03,+56.2814064E-03,+111.5226122E-03
+20.1735000E-03,+48.2412055E-03,+119.5628131E-03
+20.1740000E-03,+56.2814064E-03,+127.6030140E-03
+20.1745000E-03,+48.7437181E-03,+127.6030140E-03
+20.1750000E-03,+56.2814064E-03,+119.5628131E-03
+20.1755000E-03,+56.2814064E-03,+111.5226122E-03
+20.1760000E-03,+56.2814064E-03,+116.0452252E-03
+20.1765000E-03,+56.2814064E-03,+119.5628131E-03
+20.1770000E-03,+56.2814064E-03,+127.6030140E-03
+20.1775000E-03,+64.3216074E-03,+120.0653256E-03
+20.1780000E-03,+68.8442204E-03,+119.5628131E-03
+20.1785000E-03,+64.3216074E-03,+103.4824112E-03
+20.1790000E-03,+48.2412055E-03,+103.4824112E-03
+20.1795000E-03,+47.2361804E-03,+103.4824112E-03
+20.1800000E-03,+56.2814064E-03,+95.4422103E-03
+20.1805000E-03,+56.2814064E-03,+87.4020094E-03
+20.1810000E-03,+56.2814064E-03,+79.3618085E-03
+20.1815000E-03,+48.2412055E-03,+79.3618085E-03
+20.1820000E-03,+56.2814064E-03,+79.3618085E-03
+20.1825000E-03,+55.2763813E-03,+87.4020094E-03
+20.1830000E-03,+48.2412055E-03,+79.3618085E-03
+20.1835000E-03,+48.2412055E-03,+78.3567834E-03
+20.1840000E-03,+48.2412055E-03,+71.3216076E-03
+20.1845000E-03,+40.2010046E-03,+71.8241201E-03
+20.1850000E-03,+32.1608037E-03,+79.3618085E-03
+20.1855000E-03,+24.6231153E-03,+94.4371852E-03
+20.1860000E-03,+40.2010046E-03,+87.4020094E-03
+20.1865000E-03,+48.2412055E-03,+71.3216076E-03
+20.1870000E-03,+48.2412055E-03,+66.2964820E-03
+20.1875000E-03,+48.2412055E-03,+55.7437183E-03
+20.1880000E-03,+48.2412055E-03,+59.7638187E-03
+20.1885000E-03,+40.7035172E-03,+63.2814066E-03
+20.1890000E-03,+40.2010046E-03,+55.2412057E-03
+20.1895000E-03,+32.1608037E-03,+62.2763815E-03
+20.1900000E-03,+43.2160799E-03,+58.2562811E-03
+20.1905000E-03,+48.2412055E-03,+63.2814066E-03
+20.1910000E-03,+48.2412055E-03,+67.8040197E-03
+20.1915000E-03,+48.2412055E-03,+55.2412057E-03
+20.1920000E-03,+48.2412055E-03,+47.2010048E-03
+20.1925000E-03,+39.1959795E-03,+47.2010048E-03
+20.1930000E-03,+32.1608037E-03,+55.2412057E-03
+20.1935000E-03,+32.6633162E-03,+55.2412057E-03
+20.1940000E-03,+35.1758790E-03,+55.2412057E-03
+20.1945000E-03,+32.1608037E-03,+47.2010048E-03
+20.1950000E-03,+24.1206028E-03,+39.1608039E-03
+20.1955000E-03,+24.1206028E-03,+39.1608039E-03
+20.1960000E-03,+20.6030149E-03,+47.2010048E-03
+20.1965000E-03,+31.1557786E-03,+46.1959797E-03
+20.1970000E-03,+32.1608037E-03,+43.6834169E-03
+20.1975000E-03,+32.1608037E-03,+39.1608039E-03
+20.1980000E-03,+24.1206028E-03,+31.1206030E-03
+20.1985000E-03,+16.0804018E-03,+31.1206030E-03
+20.1990000E-03,+12.5628139E-03,+35.6432160E-03
+20.1995000E-03,+8.0402009E-03,+46.1959797E-03
+20.2000000E-03,+12.5628139E-03,+47.2010048E-03
+20.2005000E-03,+24.1206028E-03,+55.2412057E-03
+20.2010000E-03,+32.1608037E-03,+47.2010048E-03
+20.2015000E-03,+31.1557786E-03,+31.1206030E-03
+20.2020000E-03,+20.6030149E-03,+23.0804021E-03
+20.2025000E-03,+15.0753767E-03,+31.1206030E-03
+20.2030000E-03,+16.0804018E-03,+34.1356783E-03
+20.2035000E-03,+16.0804018E-03,+31.1206030E-03
+20.2040000E-03,+16.0804018E-03,+31.1206030E-03
+20.2045000E-03,+24.1206028E-03,+39.1608039E-03
+20.2050000E-03,+32.1608037E-03,+31.1206030E-03
+20.2055000E-03,+32.6633162E-03,+39.1608039E-03
+20.2060000E-03,+35.1758790E-03,+31.1206030E-03
+20.2065000E-03,+32.1608037E-03,+23.0804021E-03
+20.2070000E-03,+19.0954772E-03,+15.0402011E-03
+20.2075000E-03,+8.0402009E-03,+14.0351760E-03
+20.2080000E-03,+12.5628139E-03,+2.4773872E-03
+20.2085000E-03,+8.0402009E-03,+7.0000002E-03
+20.2090000E-03,+8.0402009E-03,+15.0402011E-03
+20.2095000E-03,+8.0402009E-03,+15.0402011E-03
+20.2100000E-03,+8.0402009E-03,+15.0402011E-03
+20.2105000E-03,+8.0402009E-03,+14.0351760E-03
+20.2110000E-03,+4.5226130E-03,+3.9849249E-03
+20.2115000E-03,-8.0402009E-03,-8.0753765E-03
+20.2120000E-03,-16.0804018E-03,+10.0150756E-03
+20.2125000E-03,-502.5126E-06,+15.0402011E-03
+20.2130000E-03,+4.5226130E-03,+15.0402011E-03
+20.2135000E-03,+15.0753767E-03,+14.0351760E-03
+20.2140000E-03,+0.0E+00,+7.0000002E-03
+20.2145000E-03,+8.0402009E-03,+15.0402011E-03
+20.2150000E-03,+12.5628139E-03,+10.0150756E-03
+20.2155000E-03,+8.0402009E-03,-1.0402007E-03
+20.2160000E-03,+0.0E+00,-9.0804016E-03
+20.2165000E-03,-8.0402009E-03,-1.0402007E-03
+20.2170000E-03,+0.0E+00,+2.4773872E-03
+20.2175000E-03,-7.0351758E-03,+6.4974877E-03
+20.2180000E-03,+8.0402009E-03,-9.0804016E-03
+20.2185000E-03,+8.0402009E-03,-25.1608035E-03
+20.2190000E-03,+0.0E+00,-33.2010044E-03
+20.2195000E-03,-502.5126E-06,-32.1959793E-03
+20.2200000E-03,-8.0402009E-03,-25.1608035E-03
+20.2205000E-03,-16.0804018E-03,-17.1206025E-03
+20.2210000E-03,-8.0402009E-03,-17.1206025E-03
+20.2215000E-03,-8.0402009E-03,-17.1206025E-03
+20.2220000E-03,-3.0150753E-03,-21.6432156E-03
+20.2225000E-03,-8.0402009E-03,-25.1608035E-03
+20.2230000E-03,-4.5226130E-03,-17.1206025E-03
+20.2235000E-03,+0.0E+00,-17.6231151E-03
+20.2240000E-03,+0.0E+00,-25.1608035E-03
+20.2245000E-03,-502.5126E-06,-25.1608035E-03
+20.2250000E-03,-8.0402009E-03,-12.0954770E-03
+20.2255000E-03,-8.0402009E-03,-1.5427133E-03
+20.2260000E-03,+0.0E+00,-9.0804016E-03
+20.2265000E-03,-15.0753767E-03,-17.1206025E-03
+20.2270000E-03,-24.1206028E-03,-17.1206025E-03
+20.2275000E-03,-16.0804018E-03,-17.1206025E-03
+20.2280000E-03,-8.0402009E-03,-25.1608035E-03
+20.2285000E-03,-16.0804018E-03,-25.1608035E-03
+20.2290000E-03,-16.0804018E-03,-17.1206025E-03
+20.2295000E-03,-8.0402009E-03,-25.1608035E-03
+20.2300000E-03,-16.0804018E-03,-17.1206025E-03
+20.2305000E-03,-16.0804018E-03,-9.5829142E-03
+20.2310000E-03,-11.0552763E-03,-17.1206025E-03
+20.2315000E-03,-8.0402009E-03,-17.6231151E-03
+20.2320000E-03,-8.0402009E-03,-25.1608035E-03
+20.2325000E-03,-8.0402009E-03,-33.2010044E-03
+20.2330000E-03,-3.0150753E-03,-37.7236174E-03
+20.2335000E-03,+0.0E+00,-41.2412053E-03
+20.2340000E-03,-8.0402009E-03,-41.2412053E-03
+20.2345000E-03,-15.0753767E-03,-33.2010044E-03
+20.2350000E-03,-8.0402009E-03,-36.2160797E-03
+20.2355000E-03,-16.0804018E-03,-41.2412053E-03
+20.2360000E-03,-8.0402009E-03,-49.2814062E-03
+20.2365000E-03,-8.5427135E-03,-49.2814062E-03
+20.2370000E-03,-20.6030149E-03,-49.2814062E-03
+20.2375000E-03,-16.0804018E-03,-49.2814062E-03
+20.2380000E-03,-16.0804018E-03,-57.3216071E-03
+20.2385000E-03,-24.1206028E-03,-49.2814062E-03
+20.2390000E-03,-24.1206028E-03,-53.8040192E-03
+20.2395000E-03,-24.1206028E-03,-56.3165820E-03
+20.2400000E-03,-24.1206028E-03,-44.2562806E-03
+20.2405000E-03,-24.6231153E-03,-49.2814062E-03
+20.2410000E-03,-24.1206028E-03,-41.2412053E-03
+20.2415000E-03,-16.0804018E-03,-49.2814062E-03
+20.2420000E-03,-24.1206028E-03,-49.2814062E-03
+20.2425000E-03,-32.1608037E-03,-49.2814062E-03
+20.2430000E-03,-32.1608037E-03,-41.2412053E-03
+20.2435000E-03,-24.1206028E-03,-33.7035169E-03
+20.2440000E-03,-20.6030149E-03,-45.7638183E-03
+20.2445000E-03,-16.0804018E-03,-48.2763811E-03
+20.2450000E-03,-8.0402009E-03,-57.3216071E-03
+20.2455000E-03,-16.0804018E-03,-49.2814062E-03
+20.2460000E-03,-16.0804018E-03,-49.2814062E-03
+20.2465000E-03,-24.1206028E-03,-57.8241197E-03
+20.2470000E-03,-32.1608037E-03,-53.8040192E-03
+20.2475000E-03,-31.1557786E-03,-57.3216071E-03
+20.2480000E-03,-32.1608037E-03,-57.3216071E-03
+20.2485000E-03,-39.1959795E-03,-65.3618081E-03
+20.2490000E-03,-32.1608037E-03,-60.3366825E-03
+20.2495000E-03,-32.1608037E-03,-65.8643206E-03
+20.2500000E-03,-40.2010046E-03,-69.8844211E-03
+20.2505000E-03,-47.2361804E-03,-64.3567829E-03
+20.2510000E-03,-40.2010046E-03,-57.3216071E-03
+20.2515000E-03,-47.2361804E-03,-49.2814062E-03
+20.2520000E-03,-40.2010046E-03,-49.2814062E-03
+20.2525000E-03,-32.1608037E-03,-41.7437179E-03
+20.2530000E-03,-28.6432158E-03,-49.2814062E-03
+20.2535000E-03,-31.1557786E-03,-56.3165820E-03
+20.2540000E-03,-24.1206028E-03,-53.8040192E-03
+20.2545000E-03,-24.6231153E-03,-49.2814062E-03
+20.2550000E-03,-32.1608037E-03,-44.2562806E-03
+20.2555000E-03,-24.1206028E-03,-49.2814062E-03
+20.2560000E-03,-24.1206028E-03,-53.8040192E-03
+20.2565000E-03,-24.1206028E-03,-57.3216071E-03
+20.2570000E-03,-27.1356781E-03,-49.2814062E-03
+20.2575000E-03,-24.1206028E-03,-57.3216071E-03
+20.2580000E-03,-27.1356781E-03,-61.8442202E-03
+20.2585000E-03,-32.1608037E-03,-57.8241197E-03
+20.2590000E-03,-40.2010046E-03,-61.8442202E-03
+20.2595000E-03,-32.1608037E-03,-49.2814062E-03
+20.2600000E-03,-32.1608037E-03,-49.2814062E-03
+20.2605000E-03,-24.6231153E-03,-49.2814062E-03
+20.2610000E-03,-24.1206028E-03,-57.3216071E-03
+20.2615000E-03,-16.5829144E-03,-65.3618081E-03
+20.2620000E-03,-24.1206028E-03,-81.4422099E-03
+20.2625000E-03,-24.1206028E-03,-96.5175866E-03
+20.2630000E-03,-32.1608037E-03,-94.0050238E-03
+20.2635000E-03,-32.6633162E-03,-81.9447224E-03
+20.2640000E-03,-32.1608037E-03,-77.9246220E-03
+20.2645000E-03,-31.1557786E-03,-80.4371848E-03
+20.2650000E-03,-36.6834167E-03,-81.4422099E-03
+20.2655000E-03,-40.7035172E-03,-73.4020090E-03
+20.2660000E-03,-44.7236176E-03,-77.9246220E-03
+20.2665000E-03,-48.7437181E-03,-80.4371848E-03
+20.2670000E-03,-48.2412055E-03,-65.3618081E-03
+20.2675000E-03,-48.2412055E-03,-73.4020090E-03
+20.2680000E-03,-48.2412055E-03,-73.4020090E-03
+20.2685000E-03,-48.2412055E-03,-73.4020090E-03
+20.2690000E-03,-44.7236176E-03,-69.8844211E-03
+20.2695000E-03,-48.2412055E-03,-73.4020090E-03
+20.2700000E-03,-48.2412055E-03,-73.4020090E-03
+20.2705000E-03,-56.2814064E-03,-72.3969839E-03
+20.2710000E-03,-48.2412055E-03,-65.3618081E-03
+20.2715000E-03,-40.7035172E-03,-73.4020090E-03
+20.2720000E-03,-35.1758790E-03,-65.3618081E-03
+20.2725000E-03,-24.1206028E-03,-65.3618081E-03
+20.2730000E-03,-16.0804018E-03,-77.9246220E-03
+20.2735000E-03,-24.1206028E-03,-89.4824108E-03
+20.2740000E-03,-32.1608037E-03,-81.4422099E-03
+20.2745000E-03,-32.1608037E-03,-73.4020090E-03
+20.2750000E-03,-35.1758790E-03,-69.8844211E-03
+20.2755000E-03,-40.2010046E-03,-65.3618081E-03
+20.2760000E-03,-32.1608037E-03,-73.4020090E-03
+20.2765000E-03,-32.1608037E-03,-81.4422099E-03
+20.2770000E-03,-35.1758790E-03,-73.4020090E-03
+20.2775000E-03,-40.2010046E-03,-80.4371848E-03
+20.2780000E-03,-48.2412055E-03,-81.4422099E-03
+20.2785000E-03,-40.2010046E-03,-73.4020090E-03
+20.2790000E-03,-35.1758790E-03,-73.4020090E-03
+20.2795000E-03,-32.1608037E-03,-72.3969839E-03
+20.2800000E-03,-27.1356781E-03,-73.4020090E-03
+20.2805000E-03,-40.2010046E-03,-65.3618081E-03
+20.2810000E-03,-36.6834167E-03,-57.3216071E-03
+20.2815000E-03,-40.2010046E-03,-57.8241197E-03
+20.2820000E-03,-32.1608037E-03,-60.3366825E-03
+20.2825000E-03,-31.1557786E-03,-65.3618081E-03
+20.2830000E-03,-32.1608037E-03,-73.4020090E-03
+20.2835000E-03,-32.1608037E-03,-81.4422099E-03
+20.2840000E-03,-44.7236176E-03,-84.4572852E-03
+20.2845000E-03,-40.2010046E-03,-73.4020090E-03
+20.2850000E-03,-27.1356781E-03,-81.4422099E-03
+20.2855000E-03,-32.6633162E-03,-97.5226117E-03
+20.2860000E-03,-48.2412055E-03,-89.4824108E-03
+20.2865000E-03,-55.2763813E-03,-81.4422099E-03
+20.2870000E-03,-52.7638185E-03,-76.4170843E-03
+20.2875000E-03,-56.2814064E-03,-81.4422099E-03
+20.2880000E-03,-59.2964818E-03,-81.4422099E-03
+20.2885000E-03,-63.3165822E-03,-80.4371848E-03
+20.2890000E-03,-52.7638185E-03,-69.8844211E-03
+20.2895000E-03,-48.7437181E-03,-65.3618081E-03
+20.2900000E-03,-56.2814064E-03,-65.3618081E-03
+20.2905000E-03,-64.3216074E-03,-49.7839188E-03
+20.2910000E-03,-60.8040194E-03,-49.2814062E-03
+20.2915000E-03,-55.2763813E-03,-48.2763811E-03
+20.2920000E-03,-40.2010046E-03,-49.2814062E-03
+20.2925000E-03,-39.1959795E-03,-57.3216071E-03
+20.2930000E-03,-40.2010046E-03,-69.8844211E-03
+20.2935000E-03,-32.1608037E-03,-65.3618081E-03
+20.2940000E-03,-36.6834167E-03,-73.4020090E-03
+20.2945000E-03,-32.1608037E-03,-73.4020090E-03
+20.2950000E-03,-40.2010046E-03,-68.3768834E-03
+20.2955000E-03,-32.1608037E-03,-73.4020090E-03
+20.2960000E-03,-32.1608037E-03,-73.4020090E-03
+20.2965000E-03,-32.1608037E-03,-73.4020090E-03
+20.2970000E-03,-36.6834167E-03,-73.4020090E-03
+20.2975000E-03,-32.6633162E-03,-80.4371848E-03
+20.2980000E-03,-40.2010046E-03,-81.4422099E-03
+20.2985000E-03,-56.2814064E-03,-73.4020090E-03
+20.2990000E-03,-59.2964818E-03,-57.3216071E-03
+20.2995000E-03,-55.2763813E-03,-57.3216071E-03
+20.3000000E-03,-48.2412055E-03,-60.3366825E-03
+20.3005000E-03,-40.7035172E-03,-65.3618081E-03
+20.3010000E-03,-40.2010046E-03,-57.3216071E-03
+20.3015000E-03,-32.1608037E-03,-57.8241197E-03
+20.3020000E-03,-48.2412055E-03,-65.3618081E-03
+20.3025000E-03,-48.7437181E-03,-72.3969839E-03
+20.3030000E-03,-52.7638185E-03,-76.4170843E-03
+20.3035000E-03,-47.2361804E-03,-81.4422099E-03
+20.3040000E-03,-40.2010046E-03,-84.4572852E-03
+20.3045000E-03,-39.1959795E-03,-88.4773857E-03
+20.3050000E-03,-40.2010046E-03,-81.4422099E-03
+20.3055000E-03,-48.7437181E-03,-80.4371848E-03
+20.3060000E-03,-48.2412055E-03,-73.4020090E-03
+20.3065000E-03,-48.7437181E-03,-65.8643206E-03
+20.3070000E-03,-48.2412055E-03,-65.3618081E-03
+20.3075000E-03,-47.2361804E-03,-73.4020090E-03
+20.3080000E-03,-52.7638185E-03,-84.4572852E-03
+20.3085000E-03,-56.2814064E-03,-80.4371848E-03
+20.3090000E-03,-64.3216074E-03,-65.3618081E-03
+20.3095000E-03,-55.2763813E-03,-57.3216071E-03
+20.3100000E-03,-51.2562809E-03,-65.3618081E-03
+20.3105000E-03,-56.2814064E-03,-65.3618081E-03
+20.3110000E-03,-51.2562809E-03,-57.3216071E-03
+20.3115000E-03,-47.2361804E-03,-57.3216071E-03
+20.3120000E-03,-40.2010046E-03,-57.3216071E-03
+20.3125000E-03,-24.6231153E-03,-57.8241197E-03
+20.3130000E-03,-27.1356781E-03,-65.3618081E-03
+20.3135000E-03,-32.1608037E-03,-65.3618081E-03
+20.3140000E-03,-40.2010046E-03,-73.4020090E-03
+20.3145000E-03,-40.7035172E-03,-65.3618081E-03
+20.3150000E-03,-36.6834167E-03,-57.3216071E-03
+20.3155000E-03,-32.1608037E-03,-65.3618081E-03
+20.3160000E-03,-32.1608037E-03,-73.4020090E-03
+20.3165000E-03,-40.2010046E-03,-81.4422099E-03
+20.3170000E-03,-43.2160799E-03,-73.4020090E-03
+20.3175000E-03,-48.2412055E-03,-72.3969839E-03
+20.3180000E-03,-40.2010046E-03,-57.3216071E-03
+20.3185000E-03,-31.1557786E-03,-64.3567829E-03
+20.3190000E-03,-32.1608037E-03,-73.4020090E-03
+20.3195000E-03,-40.7035172E-03,-73.4020090E-03
+20.3200000E-03,-48.2412055E-03,-60.3366825E-03
+20.3205000E-03,-48.2412055E-03,-49.2814062E-03
+20.3210000E-03,-36.6834167E-03,-49.2814062E-03
+20.3215000E-03,-47.2361804E-03,-57.3216071E-03
+20.3220000E-03,-48.2412055E-03,-57.3216071E-03
+20.3225000E-03,-48.2412055E-03,-57.3216071E-03
+20.3230000E-03,-43.2160799E-03,-57.3216071E-03
+20.3235000E-03,-40.2010046E-03,-49.2814062E-03
+20.3240000E-03,-40.2010046E-03,-60.3366825E-03
+20.3245000E-03,-33.6683413E-03,-57.3216071E-03
+20.3250000E-03,-40.2010046E-03,-53.8040192E-03
+20.3255000E-03,-48.7437181E-03,-49.2814062E-03
+20.3260000E-03,-43.2160799E-03,-49.2814062E-03
+20.3265000E-03,-32.1608037E-03,-49.2814062E-03
+20.3270000E-03,-27.1356781E-03,-57.3216071E-03
+20.3275000E-03,-32.1608037E-03,-57.3216071E-03
+20.3280000E-03,-32.1608037E-03,-52.2964816E-03
+20.3285000E-03,-24.1206028E-03,-41.2412053E-03
+20.3290000E-03,-16.0804018E-03,-49.2814062E-03
+20.3295000E-03,-16.0804018E-03,-57.3216071E-03
+20.3300000E-03,-20.6030149E-03,-61.8442202E-03
+20.3305000E-03,-24.6231153E-03,-65.8643206E-03
+20.3310000E-03,-32.1608037E-03,-65.3618081E-03
+20.3315000E-03,-32.1608037E-03,-57.3216071E-03
+20.3320000E-03,-35.1758790E-03,-49.2814062E-03
+20.3325000E-03,-32.6633162E-03,-49.2814062E-03
+20.3330000E-03,-32.1608037E-03,-41.2412053E-03
+20.3335000E-03,-40.2010046E-03,-33.2010044E-03
+20.3340000E-03,-40.2010046E-03,-25.1608035E-03
+20.3345000E-03,-32.1608037E-03,-25.1608035E-03
+20.3350000E-03,-24.1206028E-03,-36.2160797E-03
+20.3355000E-03,-24.1206028E-03,-41.2412053E-03
+20.3360000E-03,-24.1206028E-03,-41.2412053E-03
+20.3365000E-03,-24.6231153E-03,-41.2412053E-03
+20.3370000E-03,-32.1608037E-03,-41.2412053E-03
+20.3375000E-03,-32.1608037E-03,-41.2412053E-03
+20.3380000E-03,-32.1608037E-03,-37.7236174E-03
+20.3385000E-03,-24.1206028E-03,-41.2412053E-03
+20.3390000E-03,-27.1356781E-03,-45.7638183E-03
+20.3395000E-03,-24.1206028E-03,-41.7437179E-03
+20.3400000E-03,-32.1608037E-03,-41.2412053E-03
+20.3405000E-03,-32.1608037E-03,-25.1608035E-03
+20.3410000E-03,-27.1356781E-03,-17.1206025E-03
+20.3415000E-03,-16.0804018E-03,-17.1206025E-03
+20.3420000E-03,-24.1206028E-03,-33.2010044E-03
+20.3425000E-03,-24.1206028E-03,-41.2412053E-03
+20.3430000E-03,-32.1608037E-03,-37.7236174E-03
+20.3435000E-03,-32.1608037E-03,-33.2010044E-03
+20.3440000E-03,-27.1356781E-03,-20.1356779E-03
+20.3445000E-03,-24.6231153E-03,-17.1206025E-03
+20.3450000E-03,-27.1356781E-03,-17.1206025E-03
+20.3455000E-03,-24.1206028E-03,-17.1206025E-03
+20.3460000E-03,-17.5879395E-03,-33.2010044E-03
+20.3465000E-03,-24.1206028E-03,-40.2361802E-03
+20.3470000E-03,-27.1356781E-03,-33.2010044E-03
+20.3475000E-03,-24.1206028E-03,-32.1959793E-03
+20.3480000E-03,-28.6432158E-03,-25.1608035E-03
+20.3485000E-03,-32.1608037E-03,-25.1608035E-03
+20.3490000E-03,-32.1608037E-03,-21.6432156E-03
+20.3495000E-03,-32.1608037E-03,-25.1608035E-03
+20.3500000E-03,-27.1356781E-03,-33.2010044E-03
+20.3505000E-03,-24.1206028E-03,-41.2412053E-03
+20.3510000E-03,-19.0954772E-03,-33.2010044E-03
+20.3515000E-03,-16.0804018E-03,-41.2412053E-03
+20.3520000E-03,-16.0804018E-03,-42.7487430E-03
+20.3525000E-03,-16.0804018E-03,-41.2412053E-03
+20.3530000E-03,-16.0804018E-03,-41.2412053E-03
+20.3535000E-03,-16.0804018E-03,-33.2010044E-03
+20.3540000E-03,-16.0804018E-03,-37.7236174E-03
+20.3545000E-03,-8.5427135E-03,-33.2010044E-03
+20.3550000E-03,-16.0804018E-03,-17.1206025E-03
+20.3555000E-03,-8.0402009E-03,-25.1608035E-03
+20.3560000E-03,-12.5628139E-03,-33.2010044E-03
+20.3565000E-03,-24.1206028E-03,-25.6633160E-03
+20.3570000E-03,-24.1206028E-03,-21.6432156E-03
+20.3575000E-03,-16.0804018E-03,-17.6231151E-03
+20.3580000E-03,-20.6030149E-03,-25.1608035E-03
+20.3585000E-03,-23.1155776E-03,-25.1608035E-03
+20.3590000E-03,-19.0954772E-03,-13.6030146E-03
+20.3595000E-03,-15.0753767E-03,-17.1206025E-03
+20.3600000E-03,-8.0402009E-03,-25.1608035E-03
+20.3605000E-03,-8.5427135E-03,-25.1608035E-03
+20.3610000E-03,-16.0804018E-03,-25.1608035E-03
+20.3615000E-03,-16.0804018E-03,-17.1206025E-03
+20.3620000E-03,-8.0402009E-03,-13.6030146E-03
+20.3625000E-03,-8.0402009E-03,-24.1557783E-03
+20.3630000E-03,-11.0552763E-03,-21.6432156E-03
+20.3635000E-03,-16.0804018E-03,-17.1206025E-03
+20.3640000E-03,-16.0804018E-03,-17.1206025E-03
+20.3645000E-03,-16.0804018E-03,-17.1206025E-03
+20.3650000E-03,-16.0804018E-03,-17.1206025E-03
+20.3655000E-03,-8.0402009E-03,-17.1206025E-03
+20.3660000E-03,-16.0804018E-03,-17.1206025E-03
+20.3665000E-03,-16.5829144E-03,-17.1206025E-03
+20.3670000E-03,-16.0804018E-03,-17.1206025E-03
+20.3675000E-03,-16.0804018E-03,-25.1608035E-03
+20.3680000E-03,-19.0954772E-03,-20.1356779E-03
+20.3685000E-03,-16.0804018E-03,-25.1608035E-03
+20.3690000E-03,-11.0552763E-03,-17.1206025E-03
+20.3695000E-03,-8.0402009E-03,-24.1557783E-03
+20.3700000E-03,-16.0804018E-03,-13.6030146E-03
+20.3705000E-03,-8.0402009E-03,-16.1155774E-03
+20.3710000E-03,-4.5226130E-03,-33.2010044E-03
+20.3715000E-03,-16.0804018E-03,-25.6633160E-03
+20.3720000E-03,-28.6432158E-03,-25.1608035E-03
+20.3725000E-03,-31.1557786E-03,-16.1155774E-03
+20.3730000E-03,-24.1206028E-03,-13.6030146E-03
+20.3735000E-03,-23.1155776E-03,-9.0804016E-03
+20.3740000E-03,-11.0552763E-03,-9.0804016E-03
+20.3745000E-03,-8.0402009E-03,-9.0804016E-03
+20.3750000E-03,-11.0552763E-03,-9.0804016E-03
+20.3755000E-03,-16.0804018E-03,-8.0753765E-03
+20.3760000E-03,-8.0402009E-03,-5.5628137E-03
+20.3765000E-03,-8.0402009E-03,-9.0804016E-03
+20.3770000E-03,-8.0402009E-03,-1.0402007E-03
+20.3775000E-03,+0.0E+00,+6.4974877E-03
+20.3780000E-03,+0.0E+00,-1.0402007E-03
+20.3785000E-03,+8.0402009E-03,-9.0804016E-03
+20.3790000E-03,+4.5226130E-03,-12.0954770E-03
+20.3795000E-03,+0.0E+00,-9.0804016E-03
+20.3800000E-03,+0.0E+00,-5.5628137E-03
+20.3805000E-03,-7.0351758E-03,-17.1206025E-03
+20.3810000E-03,-8.0402009E-03,-25.1608035E-03
+20.3815000E-03,-16.0804018E-03,-24.1557783E-03
+20.3820000E-03,-24.1206028E-03,-13.6030146E-03
+20.3825000E-03,-24.1206028E-03,-9.0804016E-03
+20.3830000E-03,-24.1206028E-03,-5.5628137E-03
+20.3835000E-03,-16.0804018E-03,-1.0402007E-03
+20.3840000E-03,+0.0E+00,-1.0402007E-03
+20.3845000E-03,+15.0753767E-03,-9.0804016E-03
+20.3850000E-03,+8.0402009E-03,-17.1206025E-03
+20.3855000E-03,+0.0E+00,-17.1206025E-03
+20.3860000E-03,-8.0402009E-03,-9.0804016E-03
+20.3865000E-03,-8.0402009E-03,-1.5427133E-03
+20.3870000E-03,-8.0402009E-03,-1.0402007E-03
+20.3875000E-03,-8.5427135E-03,-1.0402007E-03
+20.3880000E-03,-4.5226130E-03,-1.0402007E-03
+20.3885000E-03,-8.5427135E-03,-9.0804016E-03
+20.3890000E-03,-16.0804018E-03,-9.0804016E-03
+20.3895000E-03,-16.0804018E-03,-1.0402007E-03
+20.3900000E-03,-8.0402009E-03,+7.0000002E-03
+20.3905000E-03,-8.0402009E-03,+7.0000002E-03
+20.3910000E-03,-8.0402009E-03,+3.9849249E-03
+20.3915000E-03,-8.0402009E-03,+7.0000002E-03
+20.3920000E-03,+3.0150753E-03,+7.0000002E-03
+20.3925000E-03,+0.0E+00,+7.0000002E-03
+20.3930000E-03,+8.0402009E-03,+11.5226132E-03
+20.3935000E-03,+16.0804018E-03,+7.5025128E-03
+20.3940000E-03,+11.0552763E-03,-1.0402007E-03
+20.3945000E-03,+8.0402009E-03,-1.0402007E-03
+20.3950000E-03,+8.0402009E-03,-1.0402007E-03
+20.3955000E-03,+8.0402009E-03,-1.0402007E-03
+20.3960000E-03,-3.0150753E-03,-1.0402007E-03
+20.3965000E-03,-8.0402009E-03,+6.4974877E-03
+20.3970000E-03,+0.0E+00,+7.0000002E-03
+20.3975000E-03,+0.0E+00,-35.1756E-06
+20.3980000E-03,+0.0E+00,+3.9849249E-03
+20.3985000E-03,+502.5126E-06,-1.0402007E-03
+20.3990000E-03,+0.0E+00,+3.9849249E-03
+20.3995000E-03,+0.0E+00,-1.0402007E-03
+20.4000000E-03,-11.0552763E-03,-1.0402007E-03
+20.4005000E-03,-16.0804018E-03,+15.0402011E-03
+20.4010000E-03,-3.0150753E-03,+31.1206030E-03
+20.4015000E-03,-502.5126E-06,+30.1155779E-03
+20.4020000E-03,+0.0E+00,+23.0804021E-03
+20.4025000E-03,+7.0351758E-03,+15.5427137E-03
+20.4030000E-03,+0.0E+00,+15.0402011E-03
+20.4035000E-03,+0.0E+00,+7.5025128E-03
+20.4040000E-03,+0.0E+00,+15.0402011E-03
+20.4045000E-03,+0.0E+00,+15.0402011E-03
+20.4050000E-03,-4.5226130E-03,+15.0402011E-03
+20.4055000E-03,+0.0E+00,+23.0804021E-03
+20.4060000E-03,+11.0552763E-03,+23.0804021E-03
+20.4065000E-03,+8.5427135E-03,+15.0402011E-03
+20.4070000E-03,+3.0150753E-03,+15.0402011E-03
+20.4075000E-03,+502.5126E-06,+7.0000002E-03
+20.4080000E-03,-8.0402009E-03,+7.0000002E-03
+20.4085000E-03,-8.0402009E-03,+22.0753769E-03
+20.4090000E-03,+0.0E+00,+11.5226132E-03
+20.4095000E-03,+0.0E+00,+7.5025128E-03
+20.4100000E-03,+4.5226130E-03,+7.0000002E-03
+20.4105000E-03,+7.0351758E-03,+7.0000002E-03
+20.4110000E-03,+0.0E+00,+11.5226132E-03
+20.4115000E-03,+502.5126E-06,+15.0402011E-03
+20.4120000E-03,+11.0552763E-03,+7.0000002E-03
+20.4125000E-03,+7.0351758E-03,-1.0402007E-03
+20.4130000E-03,-12.5628139E-03,-1.0402007E-03
+20.4135000E-03,-16.0804018E-03,+15.0402011E-03
+20.4140000E-03,+0.0E+00,+15.0402011E-03
+20.4145000E-03,+8.0402009E-03,+22.0753769E-03
+20.4150000E-03,+16.0804018E-03,+18.0552765E-03
+20.4155000E-03,+15.0753767E-03,+15.0402011E-03
+20.4160000E-03,+8.0402009E-03,+27.6030151E-03
+20.4165000E-03,+16.0804018E-03,+31.1206030E-03
+20.4170000E-03,+20.6030149E-03,+26.0954774E-03
+20.4175000E-03,+24.1206028E-03,+23.0804021E-03
+20.4180000E-03,+19.0954772E-03,+23.0804021E-03
+20.4185000E-03,+16.0804018E-03,+22.0753769E-03
+20.4190000E-03,+16.0804018E-03,+19.5628142E-03
+20.4195000E-03,+16.0804018E-03,+15.0402011E-03
+20.4200000E-03,+20.6030149E-03,+15.0402011E-03
+20.4205000E-03,+16.0804018E-03,+7.0000002E-03
+20.4210000E-03,+11.0552763E-03,+7.0000002E-03
+20.4215000E-03,+15.0753767E-03,+15.0402011E-03
+20.4220000E-03,+12.5628139E-03,+15.0402011E-03
+20.4225000E-03,+15.0753767E-03,+15.0402011E-03
+20.4230000E-03,+11.0552763E-03,+15.0402011E-03
+20.4235000E-03,+15.0753767E-03,+15.5427137E-03
+20.4240000E-03,+8.0402009E-03,+15.0402011E-03
+20.4245000E-03,+8.0402009E-03,+15.0402011E-03
+20.4250000E-03,+0.0E+00,+15.0402011E-03
+20.4255000E-03,+502.5126E-06,+15.0402011E-03
+20.4260000E-03,+11.0552763E-03,+15.0402011E-03
+20.4265000E-03,+14.0703516E-03,+22.0753769E-03
+20.4270000E-03,+16.0804018E-03,+23.0804021E-03
+20.4275000E-03,+16.0804018E-03,+23.0804021E-03
+20.4280000E-03,+16.0804018E-03,+18.0552765E-03
+20.4285000E-03,+8.0402009E-03,+15.0402011E-03
+20.4290000E-03,+8.0402009E-03,+15.0402011E-03
+20.4295000E-03,+8.5427135E-03,+15.5427137E-03
+20.4300000E-03,+8.0402009E-03,+18.0552765E-03
+20.4305000E-03,+7.0351758E-03,+15.5427137E-03
+20.4310000E-03,+8.0402009E-03,+27.6030151E-03
+20.4315000E-03,+7.0351758E-03,+31.1206030E-03
+20.4320000E-03,+12.5628139E-03,+18.0552765E-03
+20.4325000E-03,+8.0402009E-03,+15.0402011E-03
+20.4330000E-03,+16.0804018E-03,+18.0552765E-03
+20.4335000E-03,+15.0753767E-03,+15.0402011E-03
+20.4340000E-03,+12.5628139E-03,+15.0402011E-03
+20.4345000E-03,+8.0402009E-03,+22.0753769E-03
+20.4350000E-03,+8.0402009E-03,+23.0804021E-03
+20.4355000E-03,+8.0402009E-03,+23.0804021E-03
+20.4360000E-03,+8.0402009E-03,+23.0804021E-03
+20.4365000E-03,+0.0E+00,+23.0804021E-03
+20.4370000E-03,+8.0402009E-03,+31.1206030E-03
+20.4375000E-03,+15.0753767E-03,+23.0804021E-03
+20.4380000E-03,+8.0402009E-03,+11.5226132E-03
+20.4385000E-03,+0.0E+00,+7.5025128E-03
+20.4390000E-03,+0.0E+00,+15.0402011E-03
+20.4395000E-03,+0.0E+00,+7.0000002E-03
+20.4400000E-03,+0.0E+00,+18.0552765E-03
+20.4405000E-03,+502.5126E-06,+30.1155779E-03
+20.4410000E-03,+3.0150753E-03,+35.6432160E-03
+20.4415000E-03,+15.0753767E-03,+39.1608039E-03
+20.4420000E-03,+24.1206028E-03,+39.1608039E-03
+20.4425000E-03,+23.1155776E-03,+23.5829146E-03
+20.4430000E-03,+24.1206028E-03,+31.1206030E-03
+20.4435000E-03,+31.1557786E-03,+15.0402011E-03
+20.4440000E-03,+16.0804018E-03,+15.0402011E-03
+20.4445000E-03,+8.0402009E-03,+15.0402011E-03
+20.4450000E-03,+4.5226130E-03,+23.0804021E-03
+20.4455000E-03,+8.0402009E-03,+31.1206030E-03
+20.4460000E-03,+8.0402009E-03,+34.1356783E-03
+20.4465000E-03,+16.5829144E-03,+30.1155779E-03
+20.4470000E-03,+19.0954772E-03,+23.0804021E-03
+20.4475000E-03,+16.5829144E-03,+15.0402011E-03
+20.4480000E-03,+12.5628139E-03,+15.0402011E-03
+20.4485000E-03,+8.0402009E-03,+15.0402011E-03
+20.4490000E-03,+8.0402009E-03,+15.0402011E-03
+20.4495000E-03,+8.0402009E-03,+22.0753769E-03
+20.4500000E-03,+8.0402009E-03,+23.0804021E-03
+20.4505000E-03,+16.0804018E-03,+23.0804021E-03
+20.4510000E-03,+16.0804018E-03,+15.0402011E-03
+20.4515000E-03,+31.1557786E-03,+15.0402011E-03
+20.4520000E-03,+24.1206028E-03,+7.0000002E-03
+20.4525000E-03,+15.0753767E-03,+7.0000002E-03
+20.4530000E-03,+8.0402009E-03,+7.0000002E-03
+20.4535000E-03,+15.0753767E-03,+7.0000002E-03
+20.4540000E-03,+8.0402009E-03,+7.0000002E-03
+20.4545000E-03,+16.0804018E-03,+7.0000002E-03
+20.4550000E-03,+16.0804018E-03,+7.0000002E-03
+20.4555000E-03,+16.0804018E-03,+15.0402011E-03
+20.4560000E-03,+16.0804018E-03,+15.0402011E-03
+20.4565000E-03,+16.0804018E-03,+22.0753769E-03
+20.4570000E-03,+16.0804018E-03,+23.0804021E-03
+20.4575000E-03,+16.0804018E-03,+23.0804021E-03
+20.4580000E-03,+16.0804018E-03,+23.0804021E-03
+20.4585000E-03,+24.1206028E-03,+7.0000002E-03
+20.4590000E-03,+19.0954772E-03,+10.0150756E-03
+20.4595000E-03,+16.0804018E-03,+15.0402011E-03
+20.4600000E-03,+16.0804018E-03,+7.0000002E-03
+20.4605000E-03,+8.5427135E-03,+7.0000002E-03
+20.4610000E-03,+8.0402009E-03,+19.5628142E-03
+20.4615000E-03,+8.5427135E-03,+31.1206030E-03
+20.4620000E-03,+24.1206028E-03,+34.1356783E-03
+20.4625000E-03,+16.0804018E-03,+23.0804021E-03
+20.4630000E-03,+16.0804018E-03,+23.0804021E-03
+20.4635000E-03,+23.1155776E-03,+22.0753769E-03
+20.4640000E-03,+16.0804018E-03,+15.0402011E-03
+20.4645000E-03,+8.0402009E-03,+7.5025128E-03
+20.4650000E-03,+3.0150753E-03,+15.0402011E-03
+20.4655000E-03,+7.0351758E-03,+7.5025128E-03
+20.4660000E-03,+8.0402009E-03,+3.9849249E-03
+20.4665000E-03,+0.0E+00,-35.1756E-06
+20.4670000E-03,+0.0E+00,+7.0000002E-03
+20.4675000E-03,+0.0E+00,+15.0402011E-03
+20.4680000E-03,+0.0E+00,+23.0804021E-03
+20.4685000E-03,+0.0E+00,+23.5829146E-03
+20.4690000E-03,+3.0150753E-03,+31.1206030E-03
+20.4695000E-03,+8.0402009E-03,+23.5829146E-03
+20.4700000E-03,+4.5226130E-03,+23.0804021E-03
+20.4705000E-03,-502.5126E-06,+23.5829146E-03
+20.4710000E-03,+4.5226130E-03,+31.1206030E-03
+20.4715000E-03,+8.5427135E-03,+23.0804021E-03
+20.4720000E-03,+16.0804018E-03,+19.5628142E-03
+20.4725000E-03,+16.0804018E-03,+15.0402011E-03
+20.4730000E-03,+11.0552763E-03,+3.9849249E-03
+20.4735000E-03,+7.0351758E-03,-9.0804016E-03
+20.4740000E-03,-4.5226130E-03,-9.0804016E-03
+20.4745000E-03,-8.0402009E-03,-35.1756E-06
+20.4750000E-03,-4.5226130E-03,+7.0000002E-03
+20.4755000E-03,+0.0E+00,+14.0351760E-03
+20.4760000E-03,+4.5226130E-03,+15.0402011E-03
+20.4765000E-03,+7.0351758E-03,+15.5427137E-03
+20.4770000E-03,+8.0402009E-03,+19.5628142E-03
+20.4775000E-03,+0.0E+00,+15.5427137E-03
+20.4780000E-03,+0.0E+00,+23.0804021E-03
+20.4785000E-03,+8.0402009E-03,+23.0804021E-03
+20.4790000E-03,+0.0E+00,+27.6030151E-03
+20.4795000E-03,+8.5427135E-03,+23.0804021E-03
+20.4800000E-03,+19.0954772E-03,+31.1206030E-03
+20.4805000E-03,+24.1206028E-03,+23.0804021E-03
+20.4810000E-03,+32.1608037E-03,+15.0402011E-03
+20.4815000E-03,+32.1608037E-03,+15.5427137E-03
+20.4820000E-03,+28.6432158E-03,+15.0402011E-03
+20.4825000E-03,+24.6231153E-03,+15.0402011E-03
+20.4830000E-03,+11.0552763E-03,+7.0000002E-03
+20.4835000E-03,+8.0402009E-03,+15.5427137E-03
+20.4840000E-03,+8.0402009E-03,+15.0402011E-03
+20.4845000E-03,+8.0402009E-03,+15.0402011E-03
+20.4850000E-03,+8.0402009E-03,+11.5226132E-03
+20.4855000E-03,+502.5126E-06,+15.0402011E-03
+20.4860000E-03,+0.0E+00,+15.0402011E-03
+20.4865000E-03,+8.0402009E-03,+15.0402011E-03
+20.4870000E-03,+16.0804018E-03,+15.0402011E-03
+20.4875000E-03,+16.0804018E-03,+7.0000002E-03
+20.4880000E-03,+8.0402009E-03,-1.0402007E-03
+20.4885000E-03,+502.5126E-06,-35.1756E-06
+20.4890000E-03,+0.0E+00,+7.0000002E-03
+20.4895000E-03,+7.0351758E-03,+15.0402011E-03
+20.4900000E-03,+0.0E+00,+15.0402011E-03
+20.4905000E-03,+0.0E+00,+23.0804021E-03
+20.4910000E-03,+0.0E+00,+18.0552765E-03
+20.4915000E-03,+8.0402009E-03,+22.0753769E-03
+20.4920000E-03,+8.0402009E-03,+7.0000002E-03
+20.4925000E-03,+0.0E+00,+6.4974877E-03
+20.4930000E-03,+0.0E+00,+11.5226132E-03
+20.4935000E-03,+0.0E+00,+15.5427137E-03
+20.4940000E-03,+0.0E+00,+31.1206030E-03
+20.4945000E-03,+8.0402009E-03,+31.1206030E-03
+20.4950000E-03,+16.0804018E-03,+23.0804021E-03
+20.4955000E-03,+16.0804018E-03,+23.0804021E-03
+20.4960000E-03,+24.1206028E-03,+23.0804021E-03
+20.4965000E-03,+32.1608037E-03,+15.0402011E-03
+20.4970000E-03,+32.1608037E-03,+7.0000002E-03
+20.4975000E-03,+24.1206028E-03,-1.0402007E-03
+20.4980000E-03,+16.0804018E-03,-5.5628137E-03
+20.4985000E-03,+0.0E+00,-9.0804016E-03
+20.4990000E-03,-8.0402009E-03,+3.9849249E-03
+20.4995000E-03,+0.0E+00,+15.0402011E-03
+20.5000000E-03,+8.0402009E-03,+11.5226132E-03
+20.5005000E-03,+16.0804018E-03,+7.5025128E-03
+20.5010000E-03,+16.0804018E-03,+10.0150756E-03
+20.5015000E-03,+15.0753767E-03,+22.0753769E-03
+20.5020000E-03,+16.0804018E-03,+26.0954774E-03
+20.5025000E-03,+24.1206028E-03,+23.5829146E-03
+20.5030000E-03,+24.1206028E-03,+15.0402011E-03
+20.5035000E-03,+16.0804018E-03,+15.0402011E-03
+20.5040000E-03,+20.6030149E-03,+11.5226132E-03
+20.5045000E-03,+24.1206028E-03,+7.0000002E-03
+20.5050000E-03,+24.1206028E-03,-1.0402007E-03
+20.5055000E-03,+15.0753767E-03,-1.5427133E-03
+20.5060000E-03,+0.0E+00,-1.0402007E-03
+20.5065000E-03,+0.0E+00,+7.0000002E-03
+20.5070000E-03,+0.0E+00,+10.0150756E-03
+20.5075000E-03,+15.0753767E-03,+15.0402011E-03
+20.5080000E-03,+11.0552763E-03,+7.0000002E-03
+20.5085000E-03,+15.0753767E-03,+7.0000002E-03
+20.5090000E-03,+12.5628139E-03,+11.5226132E-03
+20.5095000E-03,+16.0804018E-03,+7.0000002E-03
+20.5100000E-03,+16.0804018E-03,-4.0552760E-03
+20.5105000E-03,+8.0402009E-03,-9.0804016E-03
+20.5110000E-03,+0.0E+00,-1.0402007E-03
+20.5115000E-03,+7.0351758E-03,+6.4974877E-03
+20.5120000E-03,+8.0402009E-03,+7.0000002E-03
+20.5125000E-03,+15.0753767E-03,-1.0402007E-03
+20.5130000E-03,+8.0402009E-03,+3.9849249E-03
+20.5135000E-03,+8.5427135E-03,+6.4974877E-03
+20.5140000E-03,+16.0804018E-03,-1.0402007E-03
+20.5145000E-03,+7.0351758E-03,-9.0804016E-03
+20.5150000E-03,-8.0402009E-03,-9.0804016E-03
+20.5155000E-03,-8.0402009E-03,-1.0402007E-03
+20.5160000E-03,-8.0402009E-03,+7.0000002E-03
+20.5165000E-03,+0.0E+00,+7.0000002E-03
+20.5170000E-03,-3.0150753E-03,+3.9849249E-03
+20.5175000E-03,-8.5427135E-03,+15.0402011E-03
+20.5180000E-03,+0.0E+00,+23.0804021E-03
+20.5185000E-03,+8.0402009E-03,+15.0402011E-03
+20.5190000E-03,+16.0804018E-03,+7.0000002E-03
+20.5195000E-03,+8.0402009E-03,-1.0402007E-03
+20.5200000E-03,+0.0E+00,-1.0402007E-03
+20.5205000E-03,-8.0402009E-03,+7.0000002E-03
+20.5210000E-03,-8.0402009E-03,+7.0000002E-03
+20.5215000E-03,-8.0402009E-03,+7.0000002E-03
+20.5220000E-03,+0.0E+00,+3.9849249E-03
+20.5225000E-03,-502.5126E-06,-1.0402007E-03
+20.5230000E-03,-3.0150753E-03,-1.0402007E-03
+20.5235000E-03,-7.0351758E-03,+7.0000002E-03
+20.5240000E-03,+0.0E+00,+15.0402011E-03
+20.5245000E-03,+0.0E+00,+15.0402011E-03
+20.5250000E-03,+0.0E+00,+7.0000002E-03
+20.5255000E-03,+0.0E+00,+15.0402011E-03
+20.5260000E-03,+3.0150753E-03,+15.0402011E-03
+20.5265000E-03,+502.5126E-06,+15.0402011E-03
+20.5270000E-03,+8.0402009E-03,+7.0000002E-03
+20.5275000E-03,+8.0402009E-03,+7.0000002E-03
+20.5280000E-03,+11.0552763E-03,-1.0402007E-03
+20.5285000E-03,+15.0753767E-03,-17.1206025E-03
+20.5290000E-03,-4.5226130E-03,-17.1206025E-03
+20.5295000E-03,+0.0E+00,-16.1155774E-03
+20.5300000E-03,-3.0150753E-03,-12.0954770E-03
+20.5305000E-03,-8.0402009E-03,-16.1155774E-03
+20.5310000E-03,+0.0E+00,-13.6030146E-03
+20.5315000E-03,+0.0E+00,-9.0804016E-03
+20.5320000E-03,-3.0150753E-03,-12.0954770E-03
+20.5325000E-03,-8.0402009E-03,-9.0804016E-03
+20.5330000E-03,-12.5628139E-03,-9.0804016E-03
+20.5335000E-03,-15.0753767E-03,-1.0402007E-03
+20.5340000E-03,-8.0402009E-03,-1.0402007E-03
+20.5345000E-03,-7.0351758E-03,+7.0000002E-03
+20.5350000E-03,+0.0E+00,+7.0000002E-03
+20.5355000E-03,+8.0402009E-03,+6.4974877E-03
+20.5360000E-03,+4.5226130E-03,-1.0402007E-03
+20.5365000E-03,+8.0402009E-03,-1.0402007E-03
+20.5370000E-03,+8.0402009E-03,-17.1206025E-03
+20.5375000E-03,+0.0E+00,-9.5829142E-03
+20.5380000E-03,+0.0E+00,-4.0552760E-03
+20.5385000E-03,+0.0E+00,-1.0402007E-03
+20.5390000E-03,-8.0402009E-03,-1.0402007E-03
+20.5395000E-03,-7.0351758E-03,-1.0402007E-03
+20.5400000E-03,+0.0E+00,-1.0402007E-03
+20.5405000E-03,+502.5126E-06,-9.0804016E-03
+20.5410000E-03,+8.0402009E-03,-9.0804016E-03
+20.5415000E-03,+8.0402009E-03,-25.1608035E-03
+20.5420000E-03,+0.0E+00,-25.1608035E-03
+20.5425000E-03,-7.0351758E-03,-25.1608035E-03
+20.5430000E-03,+0.0E+00,-21.6432156E-03
+20.5435000E-03,-502.5126E-06,-17.6231151E-03
+20.5440000E-03,-12.5628139E-03,-12.0954770E-03
+20.5445000E-03,+0.0E+00,-9.0804016E-03
+20.5450000E-03,+0.0E+00,-5.5628137E-03
+20.5455000E-03,+0.0E+00,-1.0402007E-03
+20.5460000E-03,+3.0150753E-03,+7.0000002E-03
+20.5465000E-03,+8.0402009E-03,-8.0753765E-03
+20.5470000E-03,+8.0402009E-03,-9.0804016E-03
+20.5475000E-03,+8.0402009E-03,-9.0804016E-03
